2026-10-05 08:10:15,366 INFO django.utils.autoreload Watching for file changes with StatReloader
2026-10-05 08:10:43,890 ERROR django.request Internal Server Error: /billing/add/1/
Traceback (most recent call last):
  File "C:\Users\govin\AppData\Local\Programs\Python\Python312\Lib\site-packages\django\core\handlers\exception.py", line 55, in inner
    response = get_response(request)
               ^^^^^^^^^^^^^^^^^^^^^
  File "C:\Users\govin\AppData\Local\Programs\Python\Python312\Lib\site-packages\django\core\handlers\base.py", line 198, in _get_response
    response = wrapped_callback(request, *callback_args, **callback_kwargs)
               ^^^^^^^^^^^^^^^^^^^^^^^^^^^^^^^^^^^^^^^^^^^^^^^^^^^^^^^^^^^^
  File "C:\Users\govin\AppData\Local\Programs\Python\Python312\Lib\site-packages\django\contrib\auth\decorators.py", line 59, in _view_wrapper
    return view_func(request, *args, **kwargs)
           ^^^^^^^^^^^^^^^^^^^^^^^^^^^^^^^^^^^
  File "C:\Users\govin\AppData\Local\Programs\Python\Python312\Lib\site-packages\django\views\decorators\http.py", line 64, in inner
    return func(request, *args, **kwargs)
           ^^^^^^^^^^^^^^^^^^^^^^^^^^^^^^
  File "C:\Users\govin\OneDrive\Desktop\POS\billing\views.py", line 276, in add_to_cart
    cart = _get_cart(request)
           ^^^^^^^^^^^^^^^^^^
  File "C:\Users\govin\OneDrive\Desktop\POS\billing\views.py", line 203, in _get_cart
    return request.session.get(CART_KEY, {})
                               ^^^^^^^^
NameError: name 'CART_KEY' is not defined
2026-10-05 08:19:39,096 INFO django.utils.autoreload C:\Users\govin\OneDrive\Desktop\POS\billing\views.py changed, reloading.
2026-10-05 08:19:42,570 INFO django.utils.autoreload Watching for file changes with StatReloader
2026-10-05 08:21:23,350 ERROR django.request Internal Server Error: /billing/add/1/
Traceback (most recent call last):
  File "C:\Users\govin\AppData\Local\Programs\Python\Python312\Lib\site-packages\django\core\handlers\exception.py", line 55, in inner
    response = get_response(request)
               ^^^^^^^^^^^^^^^^^^^^^
  File "C:\Users\govin\AppData\Local\Programs\Python\Python312\Lib\site-packages\django\core\handlers\base.py", line 198, in _get_response
    response = wrapped_callback(request, *callback_args, **callback_kwargs)
               ^^^^^^^^^^^^^^^^^^^^^^^^^^^^^^^^^^^^^^^^^^^^^^^^^^^^^^^^^^^^
  File "C:\Users\govin\AppData\Local\Programs\Python\Python312\Lib\site-packages\django\contrib\auth\decorators.py", line 59, in _view_wrapper
    return view_func(request, *args, **kwargs)
           ^^^^^^^^^^^^^^^^^^^^^^^^^^^^^^^^^^^
  File "C:\Users\govin\OneDrive\Desktop\POS\billing\views.py", line 276, in add_to_cart
    cart = _get_cart(request)
           ^^^^^^^^^^^^^^^^^^
  File "C:\Users\govin\OneDrive\Desktop\POS\billing\views.py", line 203, in _get_cart
    return request.session.get(CART_KEY, {})
                               ^^^^^^^^
NameError: name 'CART_KEY' is not defined
2026-10-05 08:38:11,100 INFO django.utils.autoreload C:\Users\govin\OneDrive\Desktop\POS\billing\views.py changed, reloading.
2026-10-05 08:38:14,362 INFO django.utils.autoreload Watching for file changes with StatReloader
2026-10-05 08:38:42,163 INFO django.utils.autoreload C:\Users\govin\OneDrive\Desktop\POS\billing\views.py changed, reloading.
2026-10-05 08:38:44,880 INFO django.utils.autoreload Watching for file changes with StatReloader
2026-10-05 08:41:59,030 INFO django.utils.autoreload Watching for file changes with StatReloader
2026-10-05 08:44:39,316 INFO django.utils.autoreload C:\Users\govin\OneDrive\Desktop\POS\billing\views.py changed, reloading.
2026-10-05 08:44:44,020 INFO django.utils.autoreload Watching for file changes with StatReloader
2026-10-05 08:45:13,055 INFO django.utils.autoreload C:\Users\govin\OneDrive\Desktop\POS\billing\views.py changed, reloading.
2026-10-05 08:45:16,801 INFO django.utils.autoreload Watching for file changes with StatReloader
2026-10-05 08:45:44,456 INFO django.utils.autoreload C:\Users\govin\OneDrive\Desktop\POS\billing\urls.py changed, reloading.
2026-10-05 08:45:48,442 INFO django.utils.autoreload Watching for file changes with StatReloader
2026-10-05 08:46:21,291 INFO django.utils.autoreload C:\Users\govin\OneDrive\Desktop\POS\billing\views.py changed, reloading.
2026-10-05 08:46:26,710 INFO django.utils.autoreload Watching for file changes with StatReloader
2026-10-05 08:46:30,748 ERROR django.request Internal Server Error: /billing/add/1/
Traceback (most recent call last):
  File "C:\Users\govin\OneDrive\Desktop\POS\venv\Lib\site-packages\django\core\handlers\exception.py", line 55, in inner
    response = get_response(request)
               ^^^^^^^^^^^^^^^^^^^^^
  File "C:\Users\govin\OneDrive\Desktop\POS\venv\Lib\site-packages\django\core\handlers\base.py", line 198, in _get_response
    response = wrapped_callback(request, *callback_args, **callback_kwargs)
               ^^^^^^^^^^^^^^^^^^^^^^^^^^^^^^^^^^^^^^^^^^^^^^^^^^^^^^^^^^^^
  File "C:\Users\govin\OneDrive\Desktop\POS\venv\Lib\site-packages\django\contrib\auth\decorators.py", line 59, in _view_wrapper
    return view_func(request, *args, **kwargs)
           ^^^^^^^^^^^^^^^^^^^^^^^^^^^^^^^^^^^
  File "C:\Users\govin\OneDrive\Desktop\POS\billing\views.py", line 284, in add_to_cart
    _save_cart(request, cart)
  File "C:\Users\govin\OneDrive\Desktop\POS\billing\views.py", line 208, in _save_cart
    request.session[CART_KEY] = cart
                    ^^^^^^^^
NameError: name 'CART_KEY' is not defined
2026-10-05 08:47:19,408 ERROR django.request Internal Server Error: /billing/add/3/
Traceback (most recent call last):
  File "C:\Users\govin\OneDrive\Desktop\POS\venv\Lib\site-packages\django\core\handlers\exception.py", line 55, in inner
    response = get_response(request)
               ^^^^^^^^^^^^^^^^^^^^^
  File "C:\Users\govin\OneDrive\Desktop\POS\venv\Lib\site-packages\django\core\handlers\base.py", line 198, in _get_response
    response = wrapped_callback(request, *callback_args, **callback_kwargs)
               ^^^^^^^^^^^^^^^^^^^^^^^^^^^^^^^^^^^^^^^^^^^^^^^^^^^^^^^^^^^^
  File "C:\Users\govin\OneDrive\Desktop\POS\venv\Lib\site-packages\django\contrib\auth\decorators.py", line 59, in _view_wrapper
    return view_func(request, *args, **kwargs)
           ^^^^^^^^^^^^^^^^^^^^^^^^^^^^^^^^^^^
  File "C:\Users\govin\OneDrive\Desktop\POS\billing\views.py", line 284, in add_to_cart
    _save_cart(request, cart)
  File "C:\Users\govin\OneDrive\Desktop\POS\billing\views.py", line 208, in _save_cart
    request.session[CART_KEY] = cart
                    ^^^^^^^^
NameError: name 'CART_KEY' is not defined
2026-10-05 08:51:07,253 INFO django.utils.autoreload C:\Users\govin\OneDrive\Desktop\POS\billing\urls.py changed, reloading.
2026-10-05 08:51:11,455 INFO django.utils.autoreload Watching for file changes with StatReloader
2026-10-05 08:51:22,564 INFO django.utils.autoreload C:\Users\govin\OneDrive\Desktop\POS\billing\views.py changed, reloading.
2026-10-05 08:51:27,338 INFO django.utils.autoreload Watching for file changes with StatReloader
2026-10-05 08:51:30,872 INFO django.utils.autoreload C:\Users\govin\OneDrive\Desktop\POS\billing\urls.py changed, reloading.
2026-10-05 08:51:35,695 INFO django.utils.autoreload Watching for file changes with StatReloader
2026-10-05 08:51:39,535 ERROR django.request Internal Server Error: /billing/add/1/
Traceback (most recent call last):
  File "C:\Users\govin\OneDrive\Desktop\POS\venv\Lib\site-packages\django\core\handlers\exception.py", line 55, in inner
    response = get_response(request)
               ^^^^^^^^^^^^^^^^^^^^^
  File "C:\Users\govin\OneDrive\Desktop\POS\venv\Lib\site-packages\django\core\handlers\base.py", line 198, in _get_response
    response = wrapped_callback(request, *callback_args, **callback_kwargs)
               ^^^^^^^^^^^^^^^^^^^^^^^^^^^^^^^^^^^^^^^^^^^^^^^^^^^^^^^^^^^^
  File "C:\Users\govin\OneDrive\Desktop\POS\venv\Lib\site-packages\django\contrib\auth\decorators.py", line 59, in _view_wrapper
    return view_func(request, *args, **kwargs)
           ^^^^^^^^^^^^^^^^^^^^^^^^^^^^^^^^^^^
  File "C:\Users\govin\OneDrive\Desktop\POS\billing\views.py", line 284, in add_to_cart
    _save_cart(request, cart)
  File "C:\Users\govin\OneDrive\Desktop\POS\billing\views.py", line 208, in _save_cart
    request.session[CART_KEY] = cart
                    ^^^^^^^^
NameError: name 'CART_KEY' is not defined
2026-10-05 08:52:39,716 INFO django.utils.autoreload C:\Users\govin\OneDrive\Desktop\POS\billing\views.py changed, reloading.
2026-10-05 08:52:43,133 INFO django.utils.autoreload Watching for file changes with StatReloader
2026-10-05 08:53:02,070 INFO django.utils.autoreload Watching for file changes with StatReloader
2026-10-05 09:24:37,574 INFO django.utils.autoreload C:\Users\govin\OneDrive\Desktop\POS\billing\views.py changed, reloading.
2026-10-05 09:24:42,641 INFO django.utils.autoreload Watching for file changes with StatReloader
2026-10-05 09:32:30,763 INFO django.utils.autoreload C:\Users\govin\OneDrive\Desktop\POS\billing\views.py changed, reloading.
2026-10-05 09:32:34,894 INFO django.utils.autoreload Watching for file changes with StatReloader
2026-10-05 09:32:42,950 INFO django.utils.autoreload C:\Users\govin\OneDrive\Desktop\POS\billing\views.py changed, reloading.
2026-10-05 09:32:46,770 INFO django.utils.autoreload Watching for file changes with StatReloader
2026-10-05 09:36:10,764 INFO django.utils.autoreload C:\Users\govin\OneDrive\Desktop\POS\billing\views.py changed, reloading.
2026-10-05 09:36:14,831 INFO django.utils.autoreload Watching for file changes with StatReloader
2026-10-05 09:36:20,872 ERROR django.request Internal Server Error: /billing/reports/
Traceback (most recent call last):
  File "C:\Users\govin\OneDrive\Desktop\POS\venv\Lib\site-packages\django\core\handlers\exception.py", line 55, in inner
    response = get_response(request)
               ^^^^^^^^^^^^^^^^^^^^^
  File "C:\Users\govin\OneDrive\Desktop\POS\venv\Lib\site-packages\django\core\handlers\base.py", line 198, in _get_response
    response = wrapped_callback(request, *callback_args, **callback_kwargs)
               ^^^^^^^^^^^^^^^^^^^^^^^^^^^^^^^^^^^^^^^^^^^^^^^^^^^^^^^^^^^^
  File "C:\Users\govin\OneDrive\Desktop\POS\venv\Lib\site-packages\django\contrib\auth\decorators.py", line 59, in _view_wrapper
    return view_func(request, *args, **kwargs)
           ^^^^^^^^^^^^^^^^^^^^^^^^^^^^^^^^^^^
  File "C:\Users\govin\OneDrive\Desktop\POS\billing\views.py", line 885, in sales_report
    return render(
           ^^^^^^^
  File "C:\Users\govin\OneDrive\Desktop\POS\venv\Lib\site-packages\django\shortcuts.py", line 25, in render
    content = loader.render_to_string(template_name, context, request, using=using)
              ^^^^^^^^^^^^^^^^^^^^^^^^^^^^^^^^^^^^^^^^^^^^^^^^^^^^^^^^^^^^^^^^^^^^^
  File "C:\Users\govin\OneDrive\Desktop\POS\venv\Lib\site-packages\django\template\loader.py", line 62, in render_to_string
    return template.render(context, request)
           ^^^^^^^^^^^^^^^^^^^^^^^^^^^^^^^^^
  File "C:\Users\govin\OneDrive\Desktop\POS\venv\Lib\site-packages\django\template\backends\django.py", line 107, in render
    return self.template.render(context)
           ^^^^^^^^^^^^^^^^^^^^^^^^^^^^^
  File "C:\Users\govin\OneDrive\Desktop\POS\venv\Lib\site-packages\django\template\base.py", line 174, in render
    return self._render(context)
           ^^^^^^^^^^^^^^^^^^^^^
  File "C:\Users\govin\OneDrive\Desktop\POS\venv\Lib\site-packages\django\template\base.py", line 166, in _render
    return self.nodelist.render(context)
           ^^^^^^^^^^^^^^^^^^^^^^^^^^^^^
  File "C:\Users\govin\OneDrive\Desktop\POS\venv\Lib\site-packages\django\template\base.py", line 1091, in render
    return SafeString("".join([node.render_annotated(context) for node in self]))
                               ^^^^^^^^^^^^^^^^^^^^^^^^^^^^^^
  File "C:\Users\govin\OneDrive\Desktop\POS\venv\Lib\site-packages\django\template\base.py", line 1052, in render_annotated
    return self.render(context)
           ^^^^^^^^^^^^^^^^^^^^
  File "C:\Users\govin\OneDrive\Desktop\POS\venv\Lib\site-packages\django\template\loader_tags.py", line 160, in render
    return compiled_parent._render(context)
           ^^^^^^^^^^^^^^^^^^^^^^^^^^^^^^^^
  File "C:\Users\govin\OneDrive\Desktop\POS\venv\Lib\site-packages\django\template\base.py", line 166, in _render
    return self.nodelist.render(context)
           ^^^^^^^^^^^^^^^^^^^^^^^^^^^^^
  File "C:\Users\govin\OneDrive\Desktop\POS\venv\Lib\site-packages\django\template\base.py", line 1091, in render
    return SafeString("".join([node.render_annotated(context) for node in self]))
                               ^^^^^^^^^^^^^^^^^^^^^^^^^^^^^^
  File "C:\Users\govin\OneDrive\Desktop\POS\venv\Lib\site-packages\django\template\base.py", line 1052, in render_annotated
    return self.render(context)
           ^^^^^^^^^^^^^^^^^^^^
  File "C:\Users\govin\OneDrive\Desktop\POS\venv\Lib\site-packages\django\template\loader_tags.py", line 66, in render
    result = block.nodelist.render(context)
             ^^^^^^^^^^^^^^^^^^^^^^^^^^^^^^
  File "C:\Users\govin\OneDrive\Desktop\POS\venv\Lib\site-packages\django\template\base.py", line 1091, in render
    return SafeString("".join([node.render_annotated(context) for node in self]))
                               ^^^^^^^^^^^^^^^^^^^^^^^^^^^^^^
  File "C:\Users\govin\OneDrive\Desktop\POS\venv\Lib\site-packages\django\template\base.py", line 1052, in render_annotated
    return self.render(context)
           ^^^^^^^^^^^^^^^^^^^^
  File "C:\Users\govin\OneDrive\Desktop\POS\venv\Lib\site-packages\django\template\defaulttags.py", line 249, in render
    nodelist.append(node.render_annotated(context))
                    ^^^^^^^^^^^^^^^^^^^^^^^^^^^^^^
  File "C:\Users\govin\OneDrive\Desktop\POS\venv\Lib\site-packages\django\template\base.py", line 1052, in render_annotated
    return self.render(context)
           ^^^^^^^^^^^^^^^^^^^^
  File "C:\Users\govin\OneDrive\Desktop\POS\venv\Lib\site-packages\django\template\defaulttags.py", line 511, in render
    url = reverse(view_name, args=args, kwargs=kwargs, current_app=current_app)
          ^^^^^^^^^^^^^^^^^^^^^^^^^^^^^^^^^^^^^^^^^^^^^^^^^^^^^^^^^^^^^^^^^^^^^
  File "C:\Users\govin\OneDrive\Desktop\POS\venv\Lib\site-packages\django\urls\base.py", line 98, in reverse
    resolved_url = resolver._reverse_with_prefix(view, prefix, *args, **kwargs)
                   ^^^^^^^^^^^^^^^^^^^^^^^^^^^^^^^^^^^^^^^^^^^^^^^^^^^^^^^^^^^^
  File "C:\Users\govin\OneDrive\Desktop\POS\venv\Lib\site-packages\django\urls\resolvers.py", line 842, in _reverse_with_prefix
    raise NoReverseMatch(msg)
django.urls.exceptions.NoReverseMatch: Reverse for 'invoice' not found. 'invoice' is not a valid view function or pattern name.
2026-10-05 09:36:25,267 ERROR django.request Internal Server Error: /billing/reports/
Traceback (most recent call last):
  File "C:\Users\govin\OneDrive\Desktop\POS\venv\Lib\site-packages\django\core\handlers\exception.py", line 55, in inner
    response = get_response(request)
               ^^^^^^^^^^^^^^^^^^^^^
  File "C:\Users\govin\OneDrive\Desktop\POS\venv\Lib\site-packages\django\core\handlers\base.py", line 198, in _get_response
    response = wrapped_callback(request, *callback_args, **callback_kwargs)
               ^^^^^^^^^^^^^^^^^^^^^^^^^^^^^^^^^^^^^^^^^^^^^^^^^^^^^^^^^^^^
  File "C:\Users\govin\OneDrive\Desktop\POS\venv\Lib\site-packages\django\contrib\auth\decorators.py", line 59, in _view_wrapper
    return view_func(request, *args, **kwargs)
           ^^^^^^^^^^^^^^^^^^^^^^^^^^^^^^^^^^^
  File "C:\Users\govin\OneDrive\Desktop\POS\billing\views.py", line 885, in sales_report
    return render(
           ^^^^^^^
  File "C:\Users\govin\OneDrive\Desktop\POS\venv\Lib\site-packages\django\shortcuts.py", line 25, in render
    content = loader.render_to_string(template_name, context, request, using=using)
              ^^^^^^^^^^^^^^^^^^^^^^^^^^^^^^^^^^^^^^^^^^^^^^^^^^^^^^^^^^^^^^^^^^^^^
  File "C:\Users\govin\OneDrive\Desktop\POS\venv\Lib\site-packages\django\template\loader.py", line 62, in render_to_string
    return template.render(context, request)
           ^^^^^^^^^^^^^^^^^^^^^^^^^^^^^^^^^
  File "C:\Users\govin\OneDrive\Desktop\POS\venv\Lib\site-packages\django\template\backends\django.py", line 107, in render
    return self.template.render(context)
           ^^^^^^^^^^^^^^^^^^^^^^^^^^^^^
  File "C:\Users\govin\OneDrive\Desktop\POS\venv\Lib\site-packages\django\template\base.py", line 174, in render
    return self._render(context)
           ^^^^^^^^^^^^^^^^^^^^^
  File "C:\Users\govin\OneDrive\Desktop\POS\venv\Lib\site-packages\django\template\base.py", line 166, in _render
    return self.nodelist.render(context)
           ^^^^^^^^^^^^^^^^^^^^^^^^^^^^^
  File "C:\Users\govin\OneDrive\Desktop\POS\venv\Lib\site-packages\django\template\base.py", line 1091, in render
    return SafeString("".join([node.render_annotated(context) for node in self]))
                               ^^^^^^^^^^^^^^^^^^^^^^^^^^^^^^
  File "C:\Users\govin\OneDrive\Desktop\POS\venv\Lib\site-packages\django\template\base.py", line 1052, in render_annotated
    return self.render(context)
           ^^^^^^^^^^^^^^^^^^^^
  File "C:\Users\govin\OneDrive\Desktop\POS\venv\Lib\site-packages\django\template\loader_tags.py", line 160, in render
    return compiled_parent._render(context)
           ^^^^^^^^^^^^^^^^^^^^^^^^^^^^^^^^
  File "C:\Users\govin\OneDrive\Desktop\POS\venv\Lib\site-packages\django\template\base.py", line 166, in _render
    return self.nodelist.render(context)
           ^^^^^^^^^^^^^^^^^^^^^^^^^^^^^
  File "C:\Users\govin\OneDrive\Desktop\POS\venv\Lib\site-packages\django\template\base.py", line 1091, in render
    return SafeString("".join([node.render_annotated(context) for node in self]))
                               ^^^^^^^^^^^^^^^^^^^^^^^^^^^^^^
  File "C:\Users\govin\OneDrive\Desktop\POS\venv\Lib\site-packages\django\template\base.py", line 1052, in render_annotated
    return self.render(context)
           ^^^^^^^^^^^^^^^^^^^^
  File "C:\Users\govin\OneDrive\Desktop\POS\venv\Lib\site-packages\django\template\loader_tags.py", line 66, in render
    result = block.nodelist.render(context)
             ^^^^^^^^^^^^^^^^^^^^^^^^^^^^^^
  File "C:\Users\govin\OneDrive\Desktop\POS\venv\Lib\site-packages\django\template\base.py", line 1091, in render
    return SafeString("".join([node.render_annotated(context) for node in self]))
                               ^^^^^^^^^^^^^^^^^^^^^^^^^^^^^^
  File "C:\Users\govin\OneDrive\Desktop\POS\venv\Lib\site-packages\django\template\base.py", line 1052, in render_annotated
    return self.render(context)
           ^^^^^^^^^^^^^^^^^^^^
  File "C:\Users\govin\OneDrive\Desktop\POS\venv\Lib\site-packages\django\template\defaulttags.py", line 249, in render
    nodelist.append(node.render_annotated(context))
                    ^^^^^^^^^^^^^^^^^^^^^^^^^^^^^^
  File "C:\Users\govin\OneDrive\Desktop\POS\venv\Lib\site-packages\django\template\base.py", line 1052, in render_annotated
    return self.render(context)
           ^^^^^^^^^^^^^^^^^^^^
  File "C:\Users\govin\OneDrive\Desktop\POS\venv\Lib\site-packages\django\template\defaulttags.py", line 511, in render
    url = reverse(view_name, args=args, kwargs=kwargs, current_app=current_app)
          ^^^^^^^^^^^^^^^^^^^^^^^^^^^^^^^^^^^^^^^^^^^^^^^^^^^^^^^^^^^^^^^^^^^^^
  File "C:\Users\govin\OneDrive\Desktop\POS\venv\Lib\site-packages\django\urls\base.py", line 98, in reverse
    resolved_url = resolver._reverse_with_prefix(view, prefix, *args, **kwargs)
                   ^^^^^^^^^^^^^^^^^^^^^^^^^^^^^^^^^^^^^^^^^^^^^^^^^^^^^^^^^^^^
  File "C:\Users\govin\OneDrive\Desktop\POS\venv\Lib\site-packages\django\urls\resolvers.py", line 842, in _reverse_with_prefix
    raise NoReverseMatch(msg)
django.urls.exceptions.NoReverseMatch: Reverse for 'invoice' not found. 'invoice' is not a valid view function or pattern name.
2026-10-05 09:36:29,361 ERROR django.request Internal Server Error: /billing/dashboard/
Traceback (most recent call last):
  File "C:\Users\govin\OneDrive\Desktop\POS\venv\Lib\site-packages\django\core\handlers\exception.py", line 55, in inner
    response = get_response(request)
               ^^^^^^^^^^^^^^^^^^^^^
  File "C:\Users\govin\OneDrive\Desktop\POS\venv\Lib\site-packages\django\core\handlers\base.py", line 198, in _get_response
    response = wrapped_callback(request, *callback_args, **callback_kwargs)
               ^^^^^^^^^^^^^^^^^^^^^^^^^^^^^^^^^^^^^^^^^^^^^^^^^^^^^^^^^^^^
  File "C:\Users\govin\OneDrive\Desktop\POS\venv\Lib\site-packages\django\contrib\auth\decorators.py", line 59, in _view_wrapper
    return view_func(request, *args, **kwargs)
           ^^^^^^^^^^^^^^^^^^^^^^^^^^^^^^^^^^^
  File "C:\Users\govin\OneDrive\Desktop\POS\billing\views.py", line 195, in sales_dashboard
    return render(
           ^^^^^^^
  File "C:\Users\govin\OneDrive\Desktop\POS\venv\Lib\site-packages\django\shortcuts.py", line 25, in render
    content = loader.render_to_string(template_name, context, request, using=using)
              ^^^^^^^^^^^^^^^^^^^^^^^^^^^^^^^^^^^^^^^^^^^^^^^^^^^^^^^^^^^^^^^^^^^^^
  File "C:\Users\govin\OneDrive\Desktop\POS\venv\Lib\site-packages\django\template\loader.py", line 62, in render_to_string
    return template.render(context, request)
           ^^^^^^^^^^^^^^^^^^^^^^^^^^^^^^^^^
  File "C:\Users\govin\OneDrive\Desktop\POS\venv\Lib\site-packages\django\template\backends\django.py", line 107, in render
    return self.template.render(context)
           ^^^^^^^^^^^^^^^^^^^^^^^^^^^^^
  File "C:\Users\govin\OneDrive\Desktop\POS\venv\Lib\site-packages\django\template\base.py", line 174, in render
    return self._render(context)
           ^^^^^^^^^^^^^^^^^^^^^
  File "C:\Users\govin\OneDrive\Desktop\POS\venv\Lib\site-packages\django\template\base.py", line 166, in _render
    return self.nodelist.render(context)
           ^^^^^^^^^^^^^^^^^^^^^^^^^^^^^
  File "C:\Users\govin\OneDrive\Desktop\POS\venv\Lib\site-packages\django\template\base.py", line 1091, in render
    return SafeString("".join([node.render_annotated(context) for node in self]))
                               ^^^^^^^^^^^^^^^^^^^^^^^^^^^^^^
  File "C:\Users\govin\OneDrive\Desktop\POS\venv\Lib\site-packages\django\template\base.py", line 1052, in render_annotated
    return self.render(context)
           ^^^^^^^^^^^^^^^^^^^^
  File "C:\Users\govin\OneDrive\Desktop\POS\venv\Lib\site-packages\django\template\loader_tags.py", line 160, in render
    return compiled_parent._render(context)
           ^^^^^^^^^^^^^^^^^^^^^^^^^^^^^^^^
  File "C:\Users\govin\OneDrive\Desktop\POS\venv\Lib\site-packages\django\template\base.py", line 166, in _render
    return self.nodelist.render(context)
           ^^^^^^^^^^^^^^^^^^^^^^^^^^^^^
  File "C:\Users\govin\OneDrive\Desktop\POS\venv\Lib\site-packages\django\template\base.py", line 1091, in render
    return SafeString("".join([node.render_annotated(context) for node in self]))
                               ^^^^^^^^^^^^^^^^^^^^^^^^^^^^^^
  File "C:\Users\govin\OneDrive\Desktop\POS\venv\Lib\site-packages\django\template\base.py", line 1052, in render_annotated
    return self.render(context)
           ^^^^^^^^^^^^^^^^^^^^
  File "C:\Users\govin\OneDrive\Desktop\POS\venv\Lib\site-packages\django\template\loader_tags.py", line 66, in render
    result = block.nodelist.render(context)
             ^^^^^^^^^^^^^^^^^^^^^^^^^^^^^^
  File "C:\Users\govin\OneDrive\Desktop\POS\venv\Lib\site-packages\django\template\base.py", line 1091, in render
    return SafeString("".join([node.render_annotated(context) for node in self]))
                               ^^^^^^^^^^^^^^^^^^^^^^^^^^^^^^
  File "C:\Users\govin\OneDrive\Desktop\POS\venv\Lib\site-packages\django\template\base.py", line 1052, in render_annotated
    return self.render(context)
           ^^^^^^^^^^^^^^^^^^^^
  File "C:\Users\govin\OneDrive\Desktop\POS\venv\Lib\site-packages\django\template\defaulttags.py", line 249, in render
    nodelist.append(node.render_annotated(context))
                    ^^^^^^^^^^^^^^^^^^^^^^^^^^^^^^
  File "C:\Users\govin\OneDrive\Desktop\POS\venv\Lib\site-packages\django\template\base.py", line 1052, in render_annotated
    return self.render(context)
           ^^^^^^^^^^^^^^^^^^^^
  File "C:\Users\govin\OneDrive\Desktop\POS\venv\Lib\site-packages\django\template\defaulttags.py", line 511, in render
    url = reverse(view_name, args=args, kwargs=kwargs, current_app=current_app)
          ^^^^^^^^^^^^^^^^^^^^^^^^^^^^^^^^^^^^^^^^^^^^^^^^^^^^^^^^^^^^^^^^^^^^^
  File "C:\Users\govin\OneDrive\Desktop\POS\venv\Lib\site-packages\django\urls\base.py", line 98, in reverse
    resolved_url = resolver._reverse_with_prefix(view, prefix, *args, **kwargs)
                   ^^^^^^^^^^^^^^^^^^^^^^^^^^^^^^^^^^^^^^^^^^^^^^^^^^^^^^^^^^^^
  File "C:\Users\govin\OneDrive\Desktop\POS\venv\Lib\site-packages\django\urls\resolvers.py", line 842, in _reverse_with_prefix
    raise NoReverseMatch(msg)
django.urls.exceptions.NoReverseMatch: Reverse for 'invoice' not found. 'invoice' is not a valid view function or pattern name.
2026-10-05 09:36:33,230 ERROR django.request Internal Server Error: /billing/dashboard/
Traceback (most recent call last):
  File "C:\Users\govin\OneDrive\Desktop\POS\venv\Lib\site-packages\django\core\handlers\exception.py", line 55, in inner
    response = get_response(request)
               ^^^^^^^^^^^^^^^^^^^^^
  File "C:\Users\govin\OneDrive\Desktop\POS\venv\Lib\site-packages\django\core\handlers\base.py", line 198, in _get_response
    response = wrapped_callback(request, *callback_args, **callback_kwargs)
               ^^^^^^^^^^^^^^^^^^^^^^^^^^^^^^^^^^^^^^^^^^^^^^^^^^^^^^^^^^^^
  File "C:\Users\govin\OneDrive\Desktop\POS\venv\Lib\site-packages\django\contrib\auth\decorators.py", line 59, in _view_wrapper
    return view_func(request, *args, **kwargs)
           ^^^^^^^^^^^^^^^^^^^^^^^^^^^^^^^^^^^
  File "C:\Users\govin\OneDrive\Desktop\POS\billing\views.py", line 195, in sales_dashboard
    return render(
           ^^^^^^^
  File "C:\Users\govin\OneDrive\Desktop\POS\venv\Lib\site-packages\django\shortcuts.py", line 25, in render
    content = loader.render_to_string(template_name, context, request, using=using)
              ^^^^^^^^^^^^^^^^^^^^^^^^^^^^^^^^^^^^^^^^^^^^^^^^^^^^^^^^^^^^^^^^^^^^^
  File "C:\Users\govin\OneDrive\Desktop\POS\venv\Lib\site-packages\django\template\loader.py", line 62, in render_to_string
    return template.render(context, request)
           ^^^^^^^^^^^^^^^^^^^^^^^^^^^^^^^^^
  File "C:\Users\govin\OneDrive\Desktop\POS\venv\Lib\site-packages\django\template\backends\django.py", line 107, in render
    return self.template.render(context)
           ^^^^^^^^^^^^^^^^^^^^^^^^^^^^^
  File "C:\Users\govin\OneDrive\Desktop\POS\venv\Lib\site-packages\django\template\base.py", line 174, in render
    return self._render(context)
           ^^^^^^^^^^^^^^^^^^^^^
  File "C:\Users\govin\OneDrive\Desktop\POS\venv\Lib\site-packages\django\template\base.py", line 166, in _render
    return self.nodelist.render(context)
           ^^^^^^^^^^^^^^^^^^^^^^^^^^^^^
  File "C:\Users\govin\OneDrive\Desktop\POS\venv\Lib\site-packages\django\template\base.py", line 1091, in render
    return SafeString("".join([node.render_annotated(context) for node in self]))
                               ^^^^^^^^^^^^^^^^^^^^^^^^^^^^^^
  File "C:\Users\govin\OneDrive\Desktop\POS\venv\Lib\site-packages\django\template\base.py", line 1052, in render_annotated
    return self.render(context)
           ^^^^^^^^^^^^^^^^^^^^
  File "C:\Users\govin\OneDrive\Desktop\POS\venv\Lib\site-packages\django\template\loader_tags.py", line 160, in render
    return compiled_parent._render(context)
           ^^^^^^^^^^^^^^^^^^^^^^^^^^^^^^^^
  File "C:\Users\govin\OneDrive\Desktop\POS\venv\Lib\site-packages\django\template\base.py", line 166, in _render
    return self.nodelist.render(context)
           ^^^^^^^^^^^^^^^^^^^^^^^^^^^^^
  File "C:\Users\govin\OneDrive\Desktop\POS\venv\Lib\site-packages\django\template\base.py", line 1091, in render
    return SafeString("".join([node.render_annotated(context) for node in self]))
                               ^^^^^^^^^^^^^^^^^^^^^^^^^^^^^^
  File "C:\Users\govin\OneDrive\Desktop\POS\venv\Lib\site-packages\django\template\base.py", line 1052, in render_annotated
    return self.render(context)
           ^^^^^^^^^^^^^^^^^^^^
  File "C:\Users\govin\OneDrive\Desktop\POS\venv\Lib\site-packages\django\template\loader_tags.py", line 66, in render
    result = block.nodelist.render(context)
             ^^^^^^^^^^^^^^^^^^^^^^^^^^^^^^
  File "C:\Users\govin\OneDrive\Desktop\POS\venv\Lib\site-packages\django\template\base.py", line 1091, in render
    return SafeString("".join([node.render_annotated(context) for node in self]))
                               ^^^^^^^^^^^^^^^^^^^^^^^^^^^^^^
  File "C:\Users\govin\OneDrive\Desktop\POS\venv\Lib\site-packages\django\template\base.py", line 1052, in render_annotated
    return self.render(context)
           ^^^^^^^^^^^^^^^^^^^^
  File "C:\Users\govin\OneDrive\Desktop\POS\venv\Lib\site-packages\django\template\defaulttags.py", line 249, in render
    nodelist.append(node.render_annotated(context))
                    ^^^^^^^^^^^^^^^^^^^^^^^^^^^^^^
  File "C:\Users\govin\OneDrive\Desktop\POS\venv\Lib\site-packages\django\template\base.py", line 1052, in render_annotated
    return self.render(context)
           ^^^^^^^^^^^^^^^^^^^^
  File "C:\Users\govin\OneDrive\Desktop\POS\venv\Lib\site-packages\django\template\defaulttags.py", line 511, in render
    url = reverse(view_name, args=args, kwargs=kwargs, current_app=current_app)
          ^^^^^^^^^^^^^^^^^^^^^^^^^^^^^^^^^^^^^^^^^^^^^^^^^^^^^^^^^^^^^^^^^^^^^
  File "C:\Users\govin\OneDrive\Desktop\POS\venv\Lib\site-packages\django\urls\base.py", line 98, in reverse
    resolved_url = resolver._reverse_with_prefix(view, prefix, *args, **kwargs)
                   ^^^^^^^^^^^^^^^^^^^^^^^^^^^^^^^^^^^^^^^^^^^^^^^^^^^^^^^^^^^^
  File "C:\Users\govin\OneDrive\Desktop\POS\venv\Lib\site-packages\django\urls\resolvers.py", line 842, in _reverse_with_prefix
    raise NoReverseMatch(msg)
django.urls.exceptions.NoReverseMatch: Reverse for 'invoice' not found. 'invoice' is not a valid view function or pattern name.
2026-10-05 09:37:27,450 INFO django.utils.autoreload C:\Users\govin\OneDrive\Desktop\POS\billing\urls.py changed, reloading.
2026-10-05 09:37:32,102 INFO django.utils.autoreload Watching for file changes with StatReloader
2026-10-06 07:33:41,880 INFO django.utils.autoreload Watching for file changes with StatReloader
2026-10-06 07:38:08,473 INFO django.utils.autoreload C:\Users\govin\OneDrive\Desktop\POS\billing\views.py changed, reloading.
2026-10-06 07:38:10,417 INFO django.utils.autoreload Watching for file changes with StatReloader
2026-10-06 07:38:29,472 INFO django.utils.autoreload C:\Users\govin\OneDrive\Desktop\POS\billing\views.py changed, reloading.
2026-10-06 07:38:31,543 INFO django.utils.autoreload Watching for file changes with StatReloader
2026-10-06 07:39:00,420 ERROR django.request Internal Server Error: /billing/checkout/
Traceback (most recent call last):
  File "C:\Users\govin\OneDrive\Desktop\POS\venv\Lib\site-packages\django\core\handlers\exception.py", line 55, in inner
    response = get_response(request)
               ^^^^^^^^^^^^^^^^^^^^^
  File "C:\Users\govin\OneDrive\Desktop\POS\venv\Lib\site-packages\django\core\handlers\base.py", line 198, in _get_response
    response = wrapped_callback(request, *callback_args, **callback_kwargs)
               ^^^^^^^^^^^^^^^^^^^^^^^^^^^^^^^^^^^^^^^^^^^^^^^^^^^^^^^^^^^^
  File "C:\Users\govin\OneDrive\Desktop\POS\venv\Lib\site-packages\django\contrib\auth\decorators.py", line 59, in _view_wrapper
    return view_func(request, *args, **kwargs)
           ^^^^^^^^^^^^^^^^^^^^^^^^^^^^^^^^^^^
  File "C:\Users\govin\OneDrive\Desktop\POS\billing\views.py", line 553, in checkout
    return redirect(
           ^^^^^^^^^
  File "C:\Users\govin\OneDrive\Desktop\POS\venv\Lib\site-packages\django\shortcuts.py", line 51, in redirect
    resolve_url(to, *args, **kwargs),
    ^^^^^^^^^^^^^^^^^^^^^^^^^^^^^^^^
  File "C:\Users\govin\OneDrive\Desktop\POS\venv\Lib\site-packages\django\shortcuts.py", line 184, in resolve_url
    return reverse(to, args=args, kwargs=kwargs)
           ^^^^^^^^^^^^^^^^^^^^^^^^^^^^^^^^^^^^^
  File "C:\Users\govin\OneDrive\Desktop\POS\venv\Lib\site-packages\django\urls\base.py", line 98, in reverse
    resolved_url = resolver._reverse_with_prefix(view, prefix, *args, **kwargs)
                   ^^^^^^^^^^^^^^^^^^^^^^^^^^^^^^^^^^^^^^^^^^^^^^^^^^^^^^^^^^^^
  File "C:\Users\govin\OneDrive\Desktop\POS\venv\Lib\site-packages\django\urls\resolvers.py", line 842, in _reverse_with_prefix
    raise NoReverseMatch(msg)
django.urls.exceptions.NoReverseMatch: Reverse for 'invoice_detail' not found. 'invoice_detail' is not a valid view function or pattern name.
2026-10-06 07:40:08,507 INFO django.utils.autoreload C:\Users\govin\OneDrive\Desktop\POS\billing\urls.py changed, reloading.
2026-10-06 07:40:10,311 INFO django.utils.autoreload Watching for file changes with StatReloader
2026-10-06 07:41:13,002 INFO django.utils.autoreload C:\Users\govin\OneDrive\Desktop\POS\billing\views.py changed, reloading.
2026-10-06 07:41:14,748 INFO django.utils.autoreload Watching for file changes with StatReloader
2026-10-06 07:42:04,275 ERROR django.request Internal Server Error: /billing/dashboard/
Traceback (most recent call last):
  File "C:\Users\govin\OneDrive\Desktop\POS\venv\Lib\site-packages\django\core\handlers\exception.py", line 55, in inner
    response = get_response(request)
               ^^^^^^^^^^^^^^^^^^^^^
  File "C:\Users\govin\OneDrive\Desktop\POS\venv\Lib\site-packages\django\core\handlers\base.py", line 198, in _get_response
    response = wrapped_callback(request, *callback_args, **callback_kwargs)
               ^^^^^^^^^^^^^^^^^^^^^^^^^^^^^^^^^^^^^^^^^^^^^^^^^^^^^^^^^^^^
  File "C:\Users\govin\OneDrive\Desktop\POS\venv\Lib\site-packages\django\contrib\auth\decorators.py", line 59, in _view_wrapper
    return view_func(request, *args, **kwargs)
           ^^^^^^^^^^^^^^^^^^^^^^^^^^^^^^^^^^^
  File "C:\Users\govin\OneDrive\Desktop\POS\billing\views.py", line 195, in sales_dashboard
    return render(
           ^^^^^^^
  File "C:\Users\govin\OneDrive\Desktop\POS\venv\Lib\site-packages\django\shortcuts.py", line 25, in render
    content = loader.render_to_string(template_name, context, request, using=using)
              ^^^^^^^^^^^^^^^^^^^^^^^^^^^^^^^^^^^^^^^^^^^^^^^^^^^^^^^^^^^^^^^^^^^^^
  File "C:\Users\govin\OneDrive\Desktop\POS\venv\Lib\site-packages\django\template\loader.py", line 62, in render_to_string
    return template.render(context, request)
           ^^^^^^^^^^^^^^^^^^^^^^^^^^^^^^^^^
  File "C:\Users\govin\OneDrive\Desktop\POS\venv\Lib\site-packages\django\template\backends\django.py", line 107, in render
    return self.template.render(context)
           ^^^^^^^^^^^^^^^^^^^^^^^^^^^^^
  File "C:\Users\govin\OneDrive\Desktop\POS\venv\Lib\site-packages\django\template\base.py", line 174, in render
    return self._render(context)
           ^^^^^^^^^^^^^^^^^^^^^
  File "C:\Users\govin\OneDrive\Desktop\POS\venv\Lib\site-packages\django\template\base.py", line 166, in _render
    return self.nodelist.render(context)
           ^^^^^^^^^^^^^^^^^^^^^^^^^^^^^
  File "C:\Users\govin\OneDrive\Desktop\POS\venv\Lib\site-packages\django\template\base.py", line 1091, in render
    return SafeString("".join([node.render_annotated(context) for node in self]))
                               ^^^^^^^^^^^^^^^^^^^^^^^^^^^^^^
  File "C:\Users\govin\OneDrive\Desktop\POS\venv\Lib\site-packages\django\template\base.py", line 1052, in render_annotated
    return self.render(context)
           ^^^^^^^^^^^^^^^^^^^^
  File "C:\Users\govin\OneDrive\Desktop\POS\venv\Lib\site-packages\django\template\loader_tags.py", line 160, in render
    return compiled_parent._render(context)
           ^^^^^^^^^^^^^^^^^^^^^^^^^^^^^^^^
  File "C:\Users\govin\OneDrive\Desktop\POS\venv\Lib\site-packages\django\template\base.py", line 166, in _render
    return self.nodelist.render(context)
           ^^^^^^^^^^^^^^^^^^^^^^^^^^^^^
  File "C:\Users\govin\OneDrive\Desktop\POS\venv\Lib\site-packages\django\template\base.py", line 1091, in render
    return SafeString("".join([node.render_annotated(context) for node in self]))
                               ^^^^^^^^^^^^^^^^^^^^^^^^^^^^^^
  File "C:\Users\govin\OneDrive\Desktop\POS\venv\Lib\site-packages\django\template\base.py", line 1052, in render_annotated
    return self.render(context)
           ^^^^^^^^^^^^^^^^^^^^
  File "C:\Users\govin\OneDrive\Desktop\POS\venv\Lib\site-packages\django\template\loader_tags.py", line 66, in render
    result = block.nodelist.render(context)
             ^^^^^^^^^^^^^^^^^^^^^^^^^^^^^^
  File "C:\Users\govin\OneDrive\Desktop\POS\venv\Lib\site-packages\django\template\base.py", line 1091, in render
    return SafeString("".join([node.render_annotated(context) for node in self]))
                               ^^^^^^^^^^^^^^^^^^^^^^^^^^^^^^
  File "C:\Users\govin\OneDrive\Desktop\POS\venv\Lib\site-packages\django\template\base.py", line 1052, in render_annotated
    return self.render(context)
           ^^^^^^^^^^^^^^^^^^^^
  File "C:\Users\govin\OneDrive\Desktop\POS\venv\Lib\site-packages\django\template\defaulttags.py", line 249, in render
    nodelist.append(node.render_annotated(context))
                    ^^^^^^^^^^^^^^^^^^^^^^^^^^^^^^
  File "C:\Users\govin\OneDrive\Desktop\POS\venv\Lib\site-packages\django\template\base.py", line 1052, in render_annotated
    return self.render(context)
           ^^^^^^^^^^^^^^^^^^^^
  File "C:\Users\govin\OneDrive\Desktop\POS\venv\Lib\site-packages\django\template\defaulttags.py", line 511, in render
    url = reverse(view_name, args=args, kwargs=kwargs, current_app=current_app)
          ^^^^^^^^^^^^^^^^^^^^^^^^^^^^^^^^^^^^^^^^^^^^^^^^^^^^^^^^^^^^^^^^^^^^^
  File "C:\Users\govin\OneDrive\Desktop\POS\venv\Lib\site-packages\django\urls\base.py", line 98, in reverse
    resolved_url = resolver._reverse_with_prefix(view, prefix, *args, **kwargs)
                   ^^^^^^^^^^^^^^^^^^^^^^^^^^^^^^^^^^^^^^^^^^^^^^^^^^^^^^^^^^^^
  File "C:\Users\govin\OneDrive\Desktop\POS\venv\Lib\site-packages\django\urls\resolvers.py", line 842, in _reverse_with_prefix
    raise NoReverseMatch(msg)
django.urls.exceptions.NoReverseMatch: Reverse for 'invoice' not found. 'invoice' is not a valid view function or pattern name.
2026-10-06 07:42:07,409 ERROR django.request Internal Server Error: /billing/dashboard/
Traceback (most recent call last):
  File "C:\Users\govin\OneDrive\Desktop\POS\venv\Lib\site-packages\django\core\handlers\exception.py", line 55, in inner
    response = get_response(request)
               ^^^^^^^^^^^^^^^^^^^^^
  File "C:\Users\govin\OneDrive\Desktop\POS\venv\Lib\site-packages\django\core\handlers\base.py", line 198, in _get_response
    response = wrapped_callback(request, *callback_args, **callback_kwargs)
               ^^^^^^^^^^^^^^^^^^^^^^^^^^^^^^^^^^^^^^^^^^^^^^^^^^^^^^^^^^^^
  File "C:\Users\govin\OneDrive\Desktop\POS\venv\Lib\site-packages\django\contrib\auth\decorators.py", line 59, in _view_wrapper
    return view_func(request, *args, **kwargs)
           ^^^^^^^^^^^^^^^^^^^^^^^^^^^^^^^^^^^
  File "C:\Users\govin\OneDrive\Desktop\POS\billing\views.py", line 195, in sales_dashboard
    return render(
           ^^^^^^^
  File "C:\Users\govin\OneDrive\Desktop\POS\venv\Lib\site-packages\django\shortcuts.py", line 25, in render
    content = loader.render_to_string(template_name, context, request, using=using)
              ^^^^^^^^^^^^^^^^^^^^^^^^^^^^^^^^^^^^^^^^^^^^^^^^^^^^^^^^^^^^^^^^^^^^^
  File "C:\Users\govin\OneDrive\Desktop\POS\venv\Lib\site-packages\django\template\loader.py", line 62, in render_to_string
    return template.render(context, request)
           ^^^^^^^^^^^^^^^^^^^^^^^^^^^^^^^^^
  File "C:\Users\govin\OneDrive\Desktop\POS\venv\Lib\site-packages\django\template\backends\django.py", line 107, in render
    return self.template.render(context)
           ^^^^^^^^^^^^^^^^^^^^^^^^^^^^^
  File "C:\Users\govin\OneDrive\Desktop\POS\venv\Lib\site-packages\django\template\base.py", line 174, in render
    return self._render(context)
           ^^^^^^^^^^^^^^^^^^^^^
  File "C:\Users\govin\OneDrive\Desktop\POS\venv\Lib\site-packages\django\template\base.py", line 166, in _render
    return self.nodelist.render(context)
           ^^^^^^^^^^^^^^^^^^^^^^^^^^^^^
  File "C:\Users\govin\OneDrive\Desktop\POS\venv\Lib\site-packages\django\template\base.py", line 1091, in render
    return SafeString("".join([node.render_annotated(context) for node in self]))
                               ^^^^^^^^^^^^^^^^^^^^^^^^^^^^^^
  File "C:\Users\govin\OneDrive\Desktop\POS\venv\Lib\site-packages\django\template\base.py", line 1052, in render_annotated
    return self.render(context)
           ^^^^^^^^^^^^^^^^^^^^
  File "C:\Users\govin\OneDrive\Desktop\POS\venv\Lib\site-packages\django\template\loader_tags.py", line 160, in render
    return compiled_parent._render(context)
           ^^^^^^^^^^^^^^^^^^^^^^^^^^^^^^^^
  File "C:\Users\govin\OneDrive\Desktop\POS\venv\Lib\site-packages\django\template\base.py", line 166, in _render
    return self.nodelist.render(context)
           ^^^^^^^^^^^^^^^^^^^^^^^^^^^^^
  File "C:\Users\govin\OneDrive\Desktop\POS\venv\Lib\site-packages\django\template\base.py", line 1091, in render
    return SafeString("".join([node.render_annotated(context) for node in self]))
                               ^^^^^^^^^^^^^^^^^^^^^^^^^^^^^^
  File "C:\Users\govin\OneDrive\Desktop\POS\venv\Lib\site-packages\django\template\base.py", line 1052, in render_annotated
    return self.render(context)
           ^^^^^^^^^^^^^^^^^^^^
  File "C:\Users\govin\OneDrive\Desktop\POS\venv\Lib\site-packages\django\template\loader_tags.py", line 66, in render
    result = block.nodelist.render(context)
             ^^^^^^^^^^^^^^^^^^^^^^^^^^^^^^
  File "C:\Users\govin\OneDrive\Desktop\POS\venv\Lib\site-packages\django\template\base.py", line 1091, in render
    return SafeString("".join([node.render_annotated(context) for node in self]))
                               ^^^^^^^^^^^^^^^^^^^^^^^^^^^^^^
  File "C:\Users\govin\OneDrive\Desktop\POS\venv\Lib\site-packages\django\template\base.py", line 1052, in render_annotated
    return self.render(context)
           ^^^^^^^^^^^^^^^^^^^^
  File "C:\Users\govin\OneDrive\Desktop\POS\venv\Lib\site-packages\django\template\defaulttags.py", line 249, in render
    nodelist.append(node.render_annotated(context))
                    ^^^^^^^^^^^^^^^^^^^^^^^^^^^^^^
  File "C:\Users\govin\OneDrive\Desktop\POS\venv\Lib\site-packages\django\template\base.py", line 1052, in render_annotated
    return self.render(context)
           ^^^^^^^^^^^^^^^^^^^^
  File "C:\Users\govin\OneDrive\Desktop\POS\venv\Lib\site-packages\django\template\defaulttags.py", line 511, in render
    url = reverse(view_name, args=args, kwargs=kwargs, current_app=current_app)
          ^^^^^^^^^^^^^^^^^^^^^^^^^^^^^^^^^^^^^^^^^^^^^^^^^^^^^^^^^^^^^^^^^^^^^
  File "C:\Users\govin\OneDrive\Desktop\POS\venv\Lib\site-packages\django\urls\base.py", line 98, in reverse
    resolved_url = resolver._reverse_with_prefix(view, prefix, *args, **kwargs)
                   ^^^^^^^^^^^^^^^^^^^^^^^^^^^^^^^^^^^^^^^^^^^^^^^^^^^^^^^^^^^^
  File "C:\Users\govin\OneDrive\Desktop\POS\venv\Lib\site-packages\django\urls\resolvers.py", line 842, in _reverse_with_prefix
    raise NoReverseMatch(msg)
django.urls.exceptions.NoReverseMatch: Reverse for 'invoice' not found. 'invoice' is not a valid view function or pattern name.
2026-10-06 07:44:15,156 ERROR django.request Internal Server Error: /billing/dashboard/
Traceback (most recent call last):
  File "C:\Users\govin\OneDrive\Desktop\POS\venv\Lib\site-packages\django\core\handlers\exception.py", line 55, in inner
    response = get_response(request)
               ^^^^^^^^^^^^^^^^^^^^^
  File "C:\Users\govin\OneDrive\Desktop\POS\venv\Lib\site-packages\django\core\handlers\base.py", line 198, in _get_response
    response = wrapped_callback(request, *callback_args, **callback_kwargs)
               ^^^^^^^^^^^^^^^^^^^^^^^^^^^^^^^^^^^^^^^^^^^^^^^^^^^^^^^^^^^^
  File "C:\Users\govin\OneDrive\Desktop\POS\venv\Lib\site-packages\django\contrib\auth\decorators.py", line 59, in _view_wrapper
    return view_func(request, *args, **kwargs)
           ^^^^^^^^^^^^^^^^^^^^^^^^^^^^^^^^^^^
  File "C:\Users\govin\OneDrive\Desktop\POS\billing\views.py", line 195, in sales_dashboard
    return render(
           ^^^^^^^
  File "C:\Users\govin\OneDrive\Desktop\POS\venv\Lib\site-packages\django\shortcuts.py", line 25, in render
    content = loader.render_to_string(template_name, context, request, using=using)
              ^^^^^^^^^^^^^^^^^^^^^^^^^^^^^^^^^^^^^^^^^^^^^^^^^^^^^^^^^^^^^^^^^^^^^
  File "C:\Users\govin\OneDrive\Desktop\POS\venv\Lib\site-packages\django\template\loader.py", line 62, in render_to_string
    return template.render(context, request)
           ^^^^^^^^^^^^^^^^^^^^^^^^^^^^^^^^^
  File "C:\Users\govin\OneDrive\Desktop\POS\venv\Lib\site-packages\django\template\backends\django.py", line 107, in render
    return self.template.render(context)
           ^^^^^^^^^^^^^^^^^^^^^^^^^^^^^
  File "C:\Users\govin\OneDrive\Desktop\POS\venv\Lib\site-packages\django\template\base.py", line 174, in render
    return self._render(context)
           ^^^^^^^^^^^^^^^^^^^^^
  File "C:\Users\govin\OneDrive\Desktop\POS\venv\Lib\site-packages\django\template\base.py", line 166, in _render
    return self.nodelist.render(context)
           ^^^^^^^^^^^^^^^^^^^^^^^^^^^^^
  File "C:\Users\govin\OneDrive\Desktop\POS\venv\Lib\site-packages\django\template\base.py", line 1091, in render
    return SafeString("".join([node.render_annotated(context) for node in self]))
                               ^^^^^^^^^^^^^^^^^^^^^^^^^^^^^^
  File "C:\Users\govin\OneDrive\Desktop\POS\venv\Lib\site-packages\django\template\base.py", line 1052, in render_annotated
    return self.render(context)
           ^^^^^^^^^^^^^^^^^^^^
  File "C:\Users\govin\OneDrive\Desktop\POS\venv\Lib\site-packages\django\template\loader_tags.py", line 160, in render
    return compiled_parent._render(context)
           ^^^^^^^^^^^^^^^^^^^^^^^^^^^^^^^^
  File "C:\Users\govin\OneDrive\Desktop\POS\venv\Lib\site-packages\django\template\base.py", line 166, in _render
    return self.nodelist.render(context)
           ^^^^^^^^^^^^^^^^^^^^^^^^^^^^^
  File "C:\Users\govin\OneDrive\Desktop\POS\venv\Lib\site-packages\django\template\base.py", line 1091, in render
    return SafeString("".join([node.render_annotated(context) for node in self]))
                               ^^^^^^^^^^^^^^^^^^^^^^^^^^^^^^
  File "C:\Users\govin\OneDrive\Desktop\POS\venv\Lib\site-packages\django\template\base.py", line 1052, in render_annotated
    return self.render(context)
           ^^^^^^^^^^^^^^^^^^^^
  File "C:\Users\govin\OneDrive\Desktop\POS\venv\Lib\site-packages\django\template\loader_tags.py", line 66, in render
    result = block.nodelist.render(context)
             ^^^^^^^^^^^^^^^^^^^^^^^^^^^^^^
  File "C:\Users\govin\OneDrive\Desktop\POS\venv\Lib\site-packages\django\template\base.py", line 1091, in render
    return SafeString("".join([node.render_annotated(context) for node in self]))
                               ^^^^^^^^^^^^^^^^^^^^^^^^^^^^^^
  File "C:\Users\govin\OneDrive\Desktop\POS\venv\Lib\site-packages\django\template\base.py", line 1052, in render_annotated
    return self.render(context)
           ^^^^^^^^^^^^^^^^^^^^
  File "C:\Users\govin\OneDrive\Desktop\POS\venv\Lib\site-packages\django\template\defaulttags.py", line 249, in render
    nodelist.append(node.render_annotated(context))
                    ^^^^^^^^^^^^^^^^^^^^^^^^^^^^^^
  File "C:\Users\govin\OneDrive\Desktop\POS\venv\Lib\site-packages\django\template\base.py", line 1052, in render_annotated
    return self.render(context)
           ^^^^^^^^^^^^^^^^^^^^
  File "C:\Users\govin\OneDrive\Desktop\POS\venv\Lib\site-packages\django\template\defaulttags.py", line 511, in render
    url = reverse(view_name, args=args, kwargs=kwargs, current_app=current_app)
          ^^^^^^^^^^^^^^^^^^^^^^^^^^^^^^^^^^^^^^^^^^^^^^^^^^^^^^^^^^^^^^^^^^^^^
  File "C:\Users\govin\OneDrive\Desktop\POS\venv\Lib\site-packages\django\urls\base.py", line 98, in reverse
    resolved_url = resolver._reverse_with_prefix(view, prefix, *args, **kwargs)
                   ^^^^^^^^^^^^^^^^^^^^^^^^^^^^^^^^^^^^^^^^^^^^^^^^^^^^^^^^^^^^
  File "C:\Users\govin\OneDrive\Desktop\POS\venv\Lib\site-packages\django\urls\resolvers.py", line 842, in _reverse_with_prefix
    raise NoReverseMatch(msg)
django.urls.exceptions.NoReverseMatch: Reverse for 'invoice' not found. 'invoice' is not a valid view function or pattern name.
2026-10-06 07:44:15,985 ERROR django.request Internal Server Error: /billing/dashboard/
Traceback (most recent call last):
  File "C:\Users\govin\OneDrive\Desktop\POS\venv\Lib\site-packages\django\core\handlers\exception.py", line 55, in inner
    response = get_response(request)
               ^^^^^^^^^^^^^^^^^^^^^
  File "C:\Users\govin\OneDrive\Desktop\POS\venv\Lib\site-packages\django\core\handlers\base.py", line 198, in _get_response
    response = wrapped_callback(request, *callback_args, **callback_kwargs)
               ^^^^^^^^^^^^^^^^^^^^^^^^^^^^^^^^^^^^^^^^^^^^^^^^^^^^^^^^^^^^
  File "C:\Users\govin\OneDrive\Desktop\POS\venv\Lib\site-packages\django\contrib\auth\decorators.py", line 59, in _view_wrapper
    return view_func(request, *args, **kwargs)
           ^^^^^^^^^^^^^^^^^^^^^^^^^^^^^^^^^^^
  File "C:\Users\govin\OneDrive\Desktop\POS\billing\views.py", line 195, in sales_dashboard
    return render(
           ^^^^^^^
  File "C:\Users\govin\OneDrive\Desktop\POS\venv\Lib\site-packages\django\shortcuts.py", line 25, in render
    content = loader.render_to_string(template_name, context, request, using=using)
              ^^^^^^^^^^^^^^^^^^^^^^^^^^^^^^^^^^^^^^^^^^^^^^^^^^^^^^^^^^^^^^^^^^^^^
  File "C:\Users\govin\OneDrive\Desktop\POS\venv\Lib\site-packages\django\template\loader.py", line 62, in render_to_string
    return template.render(context, request)
           ^^^^^^^^^^^^^^^^^^^^^^^^^^^^^^^^^
  File "C:\Users\govin\OneDrive\Desktop\POS\venv\Lib\site-packages\django\template\backends\django.py", line 107, in render
    return self.template.render(context)
           ^^^^^^^^^^^^^^^^^^^^^^^^^^^^^
  File "C:\Users\govin\OneDrive\Desktop\POS\venv\Lib\site-packages\django\template\base.py", line 174, in render
    return self._render(context)
           ^^^^^^^^^^^^^^^^^^^^^
  File "C:\Users\govin\OneDrive\Desktop\POS\venv\Lib\site-packages\django\template\base.py", line 166, in _render
    return self.nodelist.render(context)
           ^^^^^^^^^^^^^^^^^^^^^^^^^^^^^
  File "C:\Users\govin\OneDrive\Desktop\POS\venv\Lib\site-packages\django\template\base.py", line 1091, in render
    return SafeString("".join([node.render_annotated(context) for node in self]))
                               ^^^^^^^^^^^^^^^^^^^^^^^^^^^^^^
  File "C:\Users\govin\OneDrive\Desktop\POS\venv\Lib\site-packages\django\template\base.py", line 1052, in render_annotated
    return self.render(context)
           ^^^^^^^^^^^^^^^^^^^^
  File "C:\Users\govin\OneDrive\Desktop\POS\venv\Lib\site-packages\django\template\loader_tags.py", line 160, in render
    return compiled_parent._render(context)
           ^^^^^^^^^^^^^^^^^^^^^^^^^^^^^^^^
  File "C:\Users\govin\OneDrive\Desktop\POS\venv\Lib\site-packages\django\template\base.py", line 166, in _render
    return self.nodelist.render(context)
           ^^^^^^^^^^^^^^^^^^^^^^^^^^^^^
  File "C:\Users\govin\OneDrive\Desktop\POS\venv\Lib\site-packages\django\template\base.py", line 1091, in render
    return SafeString("".join([node.render_annotated(context) for node in self]))
                               ^^^^^^^^^^^^^^^^^^^^^^^^^^^^^^
  File "C:\Users\govin\OneDrive\Desktop\POS\venv\Lib\site-packages\django\template\base.py", line 1052, in render_annotated
    return self.render(context)
           ^^^^^^^^^^^^^^^^^^^^
  File "C:\Users\govin\OneDrive\Desktop\POS\venv\Lib\site-packages\django\template\loader_tags.py", line 66, in render
    result = block.nodelist.render(context)
             ^^^^^^^^^^^^^^^^^^^^^^^^^^^^^^
  File "C:\Users\govin\OneDrive\Desktop\POS\venv\Lib\site-packages\django\template\base.py", line 1091, in render
    return SafeString("".join([node.render_annotated(context) for node in self]))
                               ^^^^^^^^^^^^^^^^^^^^^^^^^^^^^^
  File "C:\Users\govin\OneDrive\Desktop\POS\venv\Lib\site-packages\django\template\base.py", line 1052, in render_annotated
    return self.render(context)
           ^^^^^^^^^^^^^^^^^^^^
  File "C:\Users\govin\OneDrive\Desktop\POS\venv\Lib\site-packages\django\template\defaulttags.py", line 249, in render
    nodelist.append(node.render_annotated(context))
                    ^^^^^^^^^^^^^^^^^^^^^^^^^^^^^^
  File "C:\Users\govin\OneDrive\Desktop\POS\venv\Lib\site-packages\django\template\base.py", line 1052, in render_annotated
    return self.render(context)
           ^^^^^^^^^^^^^^^^^^^^
  File "C:\Users\govin\OneDrive\Desktop\POS\venv\Lib\site-packages\django\template\defaulttags.py", line 511, in render
    url = reverse(view_name, args=args, kwargs=kwargs, current_app=current_app)
          ^^^^^^^^^^^^^^^^^^^^^^^^^^^^^^^^^^^^^^^^^^^^^^^^^^^^^^^^^^^^^^^^^^^^^
  File "C:\Users\govin\OneDrive\Desktop\POS\venv\Lib\site-packages\django\urls\base.py", line 98, in reverse
    resolved_url = resolver._reverse_with_prefix(view, prefix, *args, **kwargs)
                   ^^^^^^^^^^^^^^^^^^^^^^^^^^^^^^^^^^^^^^^^^^^^^^^^^^^^^^^^^^^^
  File "C:\Users\govin\OneDrive\Desktop\POS\venv\Lib\site-packages\django\urls\resolvers.py", line 842, in _reverse_with_prefix
    raise NoReverseMatch(msg)
django.urls.exceptions.NoReverseMatch: Reverse for 'invoice' not found. 'invoice' is not a valid view function or pattern name.
2026-10-06 07:44:19,071 ERROR django.request Internal Server Error: /billing/dashboard/
Traceback (most recent call last):
  File "C:\Users\govin\OneDrive\Desktop\POS\venv\Lib\site-packages\django\core\handlers\exception.py", line 55, in inner
    response = get_response(request)
               ^^^^^^^^^^^^^^^^^^^^^
  File "C:\Users\govin\OneDrive\Desktop\POS\venv\Lib\site-packages\django\core\handlers\base.py", line 198, in _get_response
    response = wrapped_callback(request, *callback_args, **callback_kwargs)
               ^^^^^^^^^^^^^^^^^^^^^^^^^^^^^^^^^^^^^^^^^^^^^^^^^^^^^^^^^^^^
  File "C:\Users\govin\OneDrive\Desktop\POS\venv\Lib\site-packages\django\contrib\auth\decorators.py", line 59, in _view_wrapper
    return view_func(request, *args, **kwargs)
           ^^^^^^^^^^^^^^^^^^^^^^^^^^^^^^^^^^^
  File "C:\Users\govin\OneDrive\Desktop\POS\billing\views.py", line 195, in sales_dashboard
    return render(
           ^^^^^^^
  File "C:\Users\govin\OneDrive\Desktop\POS\venv\Lib\site-packages\django\shortcuts.py", line 25, in render
    content = loader.render_to_string(template_name, context, request, using=using)
              ^^^^^^^^^^^^^^^^^^^^^^^^^^^^^^^^^^^^^^^^^^^^^^^^^^^^^^^^^^^^^^^^^^^^^
  File "C:\Users\govin\OneDrive\Desktop\POS\venv\Lib\site-packages\django\template\loader.py", line 62, in render_to_string
    return template.render(context, request)
           ^^^^^^^^^^^^^^^^^^^^^^^^^^^^^^^^^
  File "C:\Users\govin\OneDrive\Desktop\POS\venv\Lib\site-packages\django\template\backends\django.py", line 107, in render
    return self.template.render(context)
           ^^^^^^^^^^^^^^^^^^^^^^^^^^^^^
  File "C:\Users\govin\OneDrive\Desktop\POS\venv\Lib\site-packages\django\template\base.py", line 174, in render
    return self._render(context)
           ^^^^^^^^^^^^^^^^^^^^^
  File "C:\Users\govin\OneDrive\Desktop\POS\venv\Lib\site-packages\django\template\base.py", line 166, in _render
    return self.nodelist.render(context)
           ^^^^^^^^^^^^^^^^^^^^^^^^^^^^^
  File "C:\Users\govin\OneDrive\Desktop\POS\venv\Lib\site-packages\django\template\base.py", line 1091, in render
    return SafeString("".join([node.render_annotated(context) for node in self]))
                               ^^^^^^^^^^^^^^^^^^^^^^^^^^^^^^
  File "C:\Users\govin\OneDrive\Desktop\POS\venv\Lib\site-packages\django\template\base.py", line 1052, in render_annotated
    return self.render(context)
           ^^^^^^^^^^^^^^^^^^^^
  File "C:\Users\govin\OneDrive\Desktop\POS\venv\Lib\site-packages\django\template\loader_tags.py", line 160, in render
    return compiled_parent._render(context)
           ^^^^^^^^^^^^^^^^^^^^^^^^^^^^^^^^
  File "C:\Users\govin\OneDrive\Desktop\POS\venv\Lib\site-packages\django\template\base.py", line 166, in _render
    return self.nodelist.render(context)
           ^^^^^^^^^^^^^^^^^^^^^^^^^^^^^
  File "C:\Users\govin\OneDrive\Desktop\POS\venv\Lib\site-packages\django\template\base.py", line 1091, in render
    return SafeString("".join([node.render_annotated(context) for node in self]))
                               ^^^^^^^^^^^^^^^^^^^^^^^^^^^^^^
  File "C:\Users\govin\OneDrive\Desktop\POS\venv\Lib\site-packages\django\template\base.py", line 1052, in render_annotated
    return self.render(context)
           ^^^^^^^^^^^^^^^^^^^^
  File "C:\Users\govin\OneDrive\Desktop\POS\venv\Lib\site-packages\django\template\loader_tags.py", line 66, in render
    result = block.nodelist.render(context)
             ^^^^^^^^^^^^^^^^^^^^^^^^^^^^^^
  File "C:\Users\govin\OneDrive\Desktop\POS\venv\Lib\site-packages\django\template\base.py", line 1091, in render
    return SafeString("".join([node.render_annotated(context) for node in self]))
                               ^^^^^^^^^^^^^^^^^^^^^^^^^^^^^^
  File "C:\Users\govin\OneDrive\Desktop\POS\venv\Lib\site-packages\django\template\base.py", line 1052, in render_annotated
    return self.render(context)
           ^^^^^^^^^^^^^^^^^^^^
  File "C:\Users\govin\OneDrive\Desktop\POS\venv\Lib\site-packages\django\template\defaulttags.py", line 249, in render
    nodelist.append(node.render_annotated(context))
                    ^^^^^^^^^^^^^^^^^^^^^^^^^^^^^^
  File "C:\Users\govin\OneDrive\Desktop\POS\venv\Lib\site-packages\django\template\base.py", line 1052, in render_annotated
    return self.render(context)
           ^^^^^^^^^^^^^^^^^^^^
  File "C:\Users\govin\OneDrive\Desktop\POS\venv\Lib\site-packages\django\template\defaulttags.py", line 511, in render
    url = reverse(view_name, args=args, kwargs=kwargs, current_app=current_app)
          ^^^^^^^^^^^^^^^^^^^^^^^^^^^^^^^^^^^^^^^^^^^^^^^^^^^^^^^^^^^^^^^^^^^^^
  File "C:\Users\govin\OneDrive\Desktop\POS\venv\Lib\site-packages\django\urls\base.py", line 98, in reverse
    resolved_url = resolver._reverse_with_prefix(view, prefix, *args, **kwargs)
                   ^^^^^^^^^^^^^^^^^^^^^^^^^^^^^^^^^^^^^^^^^^^^^^^^^^^^^^^^^^^^
  File "C:\Users\govin\OneDrive\Desktop\POS\venv\Lib\site-packages\django\urls\resolvers.py", line 842, in _reverse_with_prefix
    raise NoReverseMatch(msg)
django.urls.exceptions.NoReverseMatch: Reverse for 'invoice' not found. 'invoice' is not a valid view function or pattern name.
2026-10-06 07:50:44,387 INFO django.utils.autoreload C:\Users\govin\OneDrive\Desktop\POS\billing\views.py changed, reloading.
2026-10-06 07:50:46,813 INFO django.utils.autoreload Watching for file changes with StatReloader
2026-10-06 07:52:46,793 INFO django.utils.autoreload C:\Users\govin\OneDrive\Desktop\POS\billing\views.py changed, reloading.
2026-10-06 07:52:49,527 INFO django.utils.autoreload Watching for file changes with StatReloader
2026-10-06 07:53:07,719 INFO django.utils.autoreload C:\Users\govin\OneDrive\Desktop\POS\billing\views.py changed, reloading.
2026-10-06 07:53:11,449 INFO django.utils.autoreload Watching for file changes with StatReloader
2026-10-06 07:56:59,836 INFO django.utils.autoreload C:\Users\govin\OneDrive\Desktop\POS\inventory\urls.py changed, reloading.
2026-10-06 07:57:01,603 INFO django.utils.autoreload Watching for file changes with StatReloader
2026-10-06 07:57:20,389 INFO django.utils.autoreload C:\Users\govin\OneDrive\Desktop\POS\inventory\views.py changed, reloading.
2026-10-06 07:57:22,199 INFO django.utils.autoreload Watching for file changes with StatReloader
2026-10-06 08:07:48,027 INFO django.utils.autoreload C:\Users\govin\OneDrive\Desktop\POS\billing\urls.py changed, reloading.
2026-10-06 08:07:50,035 INFO django.utils.autoreload Watching for file changes with StatReloader
2026-10-06 08:08:20,106 INFO django.utils.autoreload C:\Users\govin\OneDrive\Desktop\POS\billing\urls.py changed, reloading.
2026-10-06 08:08:22,213 INFO django.utils.autoreload Watching for file changes with StatReloader
2026-10-06 08:10:33,576 INFO django.utils.autoreload C:\Users\govin\OneDrive\Desktop\POS\billing\views.py changed, reloading.
2026-10-06 08:10:35,720 INFO django.utils.autoreload Watching for file changes with StatReloader
2026-10-06 08:13:19,177 INFO django.utils.autoreload C:\Users\govin\OneDrive\Desktop\POS\billing\views.py changed, reloading.
2026-10-06 08:13:21,261 INFO django.utils.autoreload Watching for file changes with StatReloader
2026-10-06 08:13:25,009 INFO django.utils.autoreload C:\Users\govin\OneDrive\Desktop\POS\billing\views.py changed, reloading.
2026-10-06 08:13:26,997 INFO django.utils.autoreload Watching for file changes with StatReloader
2026-10-06 08:15:05,077 INFO django.utils.autoreload C:\Users\govin\OneDrive\Desktop\POS\billing\views.py changed, reloading.
2026-10-06 08:15:07,224 INFO django.utils.autoreload Watching for file changes with StatReloader
2026-10-06 08:17:31,540 INFO django.utils.autoreload C:\Users\govin\OneDrive\Desktop\POS\billing\views.py changed, reloading.
2026-10-06 08:17:33,345 INFO django.utils.autoreload Watching for file changes with StatReloader
2026-10-06 08:19:20,978 INFO django.utils.autoreload C:\Users\govin\OneDrive\Desktop\POS\billing\views.py changed, reloading.
2026-10-06 08:19:22,806 INFO django.utils.autoreload Watching for file changes with StatReloader
2026-10-06 08:19:26,536 INFO django.utils.autoreload C:\Users\govin\OneDrive\Desktop\POS\billing\views.py changed, reloading.
2026-10-06 08:19:28,366 INFO django.utils.autoreload Watching for file changes with StatReloader
2026-10-06 08:20:00,128 INFO django.utils.autoreload C:\Users\govin\OneDrive\Desktop\POS\billing\models.py changed, reloading.
2026-10-06 08:20:02,561 INFO django.utils.autoreload Watching for file changes with StatReloader
2026-10-06 08:23:51,346 INFO django.utils.autoreload C:\Users\govin\OneDrive\Desktop\POS\billing\views.py changed, reloading.
2026-10-06 08:23:53,313 INFO django.utils.autoreload Watching for file changes with StatReloader
2026-10-06 08:24:34,346 ERROR django.request Internal Server Error: /billing/checkout/
Traceback (most recent call last):
  File "C:\Users\govin\OneDrive\Desktop\POS\venv\Lib\site-packages\django\core\handlers\exception.py", line 55, in inner
    response = get_response(request)
               ^^^^^^^^^^^^^^^^^^^^^
  File "C:\Users\govin\OneDrive\Desktop\POS\venv\Lib\site-packages\django\core\handlers\base.py", line 198, in _get_response
    response = wrapped_callback(request, *callback_args, **callback_kwargs)
               ^^^^^^^^^^^^^^^^^^^^^^^^^^^^^^^^^^^^^^^^^^^^^^^^^^^^^^^^^^^^
  File "C:\Users\govin\OneDrive\Desktop\POS\venv\Lib\site-packages\django\contrib\auth\decorators.py", line 59, in _view_wrapper
    return view_func(request, *args, **kwargs)
           ^^^^^^^^^^^^^^^^^^^^^^^^^^^^^^^^^^^
  File "C:\Users\govin\OneDrive\Desktop\POS\billing\views.py", line 723, in checkout
    invoice = Invoice.objects.create(
              ^^^^^^^^^^^^^^^^^^^^^^^
  File "C:\Users\govin\OneDrive\Desktop\POS\venv\Lib\site-packages\django\db\models\manager.py", line 87, in manager_method
    return getattr(self.get_queryset(), name)(*args, **kwargs)
           ^^^^^^^^^^^^^^^^^^^^^^^^^^^^^^^^^^^^^^^^^^^^^^^^^^^
  File "C:\Users\govin\OneDrive\Desktop\POS\venv\Lib\site-packages\django\db\models\query.py", line 667, in create
    obj = self.model(**kwargs)
          ^^^^^^^^^^^^^^^^^^^^
  File "C:\Users\govin\OneDrive\Desktop\POS\venv\Lib\site-packages\django\db\models\base.py", line 590, in __init__
    raise TypeError(
TypeError: Invoice() got unexpected keyword arguments: 'paid', 'due'
2026-10-06 08:29:24,915 INFO django.utils.autoreload C:\Users\govin\OneDrive\Desktop\POS\billing\models.py changed, reloading.
2026-10-06 08:29:26,810 INFO django.utils.autoreload Watching for file changes with StatReloader
2026-10-06 08:30:24,251 INFO django.utils.autoreload Watching for file changes with StatReloader
2026-10-06 08:30:34,405 ERROR django.request Internal Server Error: /billing/dashboard/
Traceback (most recent call last):
  File "C:\Users\govin\OneDrive\Desktop\POS\venv\Lib\site-packages\django\core\handlers\exception.py", line 55, in inner
    response = get_response(request)
               ^^^^^^^^^^^^^^^^^^^^^
  File "C:\Users\govin\OneDrive\Desktop\POS\venv\Lib\site-packages\django\core\handlers\base.py", line 198, in _get_response
    response = wrapped_callback(request, *callback_args, **callback_kwargs)
               ^^^^^^^^^^^^^^^^^^^^^^^^^^^^^^^^^^^^^^^^^^^^^^^^^^^^^^^^^^^^
  File "C:\Users\govin\OneDrive\Desktop\POS\venv\Lib\site-packages\django\contrib\auth\decorators.py", line 59, in _view_wrapper
    return view_func(request, *args, **kwargs)
           ^^^^^^^^^^^^^^^^^^^^^^^^^^^^^^^^^^^
  File "C:\Users\govin\OneDrive\Desktop\POS\billing\views.py", line 60, in sales_dashboard
    pending_payment = Invoice.objects.filter(
                      ^^^^^^^^^^^^^^^^^^^^^^^
  File "C:\Users\govin\OneDrive\Desktop\POS\venv\Lib\site-packages\django\db\models\manager.py", line 87, in manager_method
    return getattr(self.get_queryset(), name)(*args, **kwargs)
           ^^^^^^^^^^^^^^^^^^^^^^^^^^^^^^^^^^^^^^^^^^^^^^^^^^^
  File "C:\Users\govin\OneDrive\Desktop\POS\venv\Lib\site-packages\django\db\models\query.py", line 1542, in filter
    return self._filter_or_exclude(False, args, kwargs)
           ^^^^^^^^^^^^^^^^^^^^^^^^^^^^^^^^^^^^^^^^^^^^
  File "C:\Users\govin\OneDrive\Desktop\POS\venv\Lib\site-packages\django\db\models\query.py", line 1560, in _filter_or_exclude
    clone._filter_or_exclude_inplace(negate, args, kwargs)
  File "C:\Users\govin\OneDrive\Desktop\POS\venv\Lib\site-packages\django\db\models\query.py", line 1570, in _filter_or_exclude_inplace
    self._query.add_q(Q(*args, **kwargs))
  File "C:\Users\govin\OneDrive\Desktop\POS\venv\Lib\site-packages\django\db\models\sql\query.py", line 1676, in add_q
    clause, _ = self._add_q(q_object, can_reuse)
                ^^^^^^^^^^^^^^^^^^^^^^^^^^^^^^^^
  File "C:\Users\govin\OneDrive\Desktop\POS\venv\Lib\site-packages\django\db\models\sql\query.py", line 1708, in _add_q
    child_clause, needed_inner = self.build_filter(
                                 ^^^^^^^^^^^^^^^^^^
  File "C:\Users\govin\OneDrive\Desktop\POS\venv\Lib\site-packages\django\db\models\sql\query.py", line 1556, in build_filter
    lookups, parts, reffed_expression = self.solve_lookup_type(arg, summarize)
                                        ^^^^^^^^^^^^^^^^^^^^^^^^^^^^^^^^^^^^^^
  File "C:\Users\govin\OneDrive\Desktop\POS\venv\Lib\site-packages\django\db\models\sql\query.py", line 1363, in solve_lookup_type
    _, field, _, lookup_parts = self.names_to_path(lookup_splitted, self.get_meta())
                                ^^^^^^^^^^^^^^^^^^^^^^^^^^^^^^^^^^^^^^^^^^^^^^^^^^^^
  File "C:\Users\govin\OneDrive\Desktop\POS\venv\Lib\site-packages\django\db\models\sql\query.py", line 1842, in names_to_path
    raise FieldError(
django.core.exceptions.FieldError: Cannot resolve keyword 'due_amount' into field. Choices are: created_at, created_by, created_by_id, customer, customer_id, discount, due, id, invoice_number, items, paid, payment_method, payment_status, subtotal, tax, total, vat
2026-10-06 08:30:38,797 ERROR django.request Internal Server Error: /billing/dashboard/
Traceback (most recent call last):
  File "C:\Users\govin\OneDrive\Desktop\POS\venv\Lib\site-packages\django\core\handlers\exception.py", line 55, in inner
    response = get_response(request)
               ^^^^^^^^^^^^^^^^^^^^^
  File "C:\Users\govin\OneDrive\Desktop\POS\venv\Lib\site-packages\django\core\handlers\base.py", line 198, in _get_response
    response = wrapped_callback(request, *callback_args, **callback_kwargs)
               ^^^^^^^^^^^^^^^^^^^^^^^^^^^^^^^^^^^^^^^^^^^^^^^^^^^^^^^^^^^^
  File "C:\Users\govin\OneDrive\Desktop\POS\venv\Lib\site-packages\django\contrib\auth\decorators.py", line 59, in _view_wrapper
    return view_func(request, *args, **kwargs)
           ^^^^^^^^^^^^^^^^^^^^^^^^^^^^^^^^^^^
  File "C:\Users\govin\OneDrive\Desktop\POS\billing\views.py", line 60, in sales_dashboard
    pending_payment = Invoice.objects.filter(
                      ^^^^^^^^^^^^^^^^^^^^^^^
  File "C:\Users\govin\OneDrive\Desktop\POS\venv\Lib\site-packages\django\db\models\manager.py", line 87, in manager_method
    return getattr(self.get_queryset(), name)(*args, **kwargs)
           ^^^^^^^^^^^^^^^^^^^^^^^^^^^^^^^^^^^^^^^^^^^^^^^^^^^
  File "C:\Users\govin\OneDrive\Desktop\POS\venv\Lib\site-packages\django\db\models\query.py", line 1542, in filter
    return self._filter_or_exclude(False, args, kwargs)
           ^^^^^^^^^^^^^^^^^^^^^^^^^^^^^^^^^^^^^^^^^^^^
  File "C:\Users\govin\OneDrive\Desktop\POS\venv\Lib\site-packages\django\db\models\query.py", line 1560, in _filter_or_exclude
    clone._filter_or_exclude_inplace(negate, args, kwargs)
  File "C:\Users\govin\OneDrive\Desktop\POS\venv\Lib\site-packages\django\db\models\query.py", line 1570, in _filter_or_exclude_inplace
    self._query.add_q(Q(*args, **kwargs))
  File "C:\Users\govin\OneDrive\Desktop\POS\venv\Lib\site-packages\django\db\models\sql\query.py", line 1676, in add_q
    clause, _ = self._add_q(q_object, can_reuse)
                ^^^^^^^^^^^^^^^^^^^^^^^^^^^^^^^^
  File "C:\Users\govin\OneDrive\Desktop\POS\venv\Lib\site-packages\django\db\models\sql\query.py", line 1708, in _add_q
    child_clause, needed_inner = self.build_filter(
                                 ^^^^^^^^^^^^^^^^^^
  File "C:\Users\govin\OneDrive\Desktop\POS\venv\Lib\site-packages\django\db\models\sql\query.py", line 1556, in build_filter
    lookups, parts, reffed_expression = self.solve_lookup_type(arg, summarize)
                                        ^^^^^^^^^^^^^^^^^^^^^^^^^^^^^^^^^^^^^^
  File "C:\Users\govin\OneDrive\Desktop\POS\venv\Lib\site-packages\django\db\models\sql\query.py", line 1363, in solve_lookup_type
    _, field, _, lookup_parts = self.names_to_path(lookup_splitted, self.get_meta())
                                ^^^^^^^^^^^^^^^^^^^^^^^^^^^^^^^^^^^^^^^^^^^^^^^^^^^^
  File "C:\Users\govin\OneDrive\Desktop\POS\venv\Lib\site-packages\django\db\models\sql\query.py", line 1842, in names_to_path
    raise FieldError(
django.core.exceptions.FieldError: Cannot resolve keyword 'due_amount' into field. Choices are: created_at, created_by, created_by_id, customer, customer_id, discount, due, id, invoice_number, items, paid, payment_method, payment_status, subtotal, tax, total, vat
2026-10-06 08:31:01,465 INFO django.utils.autoreload C:\Users\govin\OneDrive\Desktop\POS\billing\models.py changed, reloading.
2026-10-06 08:31:03,465 INFO django.utils.autoreload Watching for file changes with StatReloader
2026-10-06 08:31:11,686 INFO django.utils.autoreload C:\Users\govin\OneDrive\Desktop\POS\billing\views.py changed, reloading.
2026-10-06 08:31:13,583 INFO django.utils.autoreload Watching for file changes with StatReloader
2026-10-06 08:31:15,686 ERROR django.request Internal Server Error: /billing/dashboard/
Traceback (most recent call last):
  File "C:\Users\govin\OneDrive\Desktop\POS\venv\Lib\site-packages\django\db\backends\utils.py", line 105, in _execute
    return self.cursor.execute(sql, params)
           ^^^^^^^^^^^^^^^^^^^^^^^^^^^^^^^^
  File "C:\Users\govin\OneDrive\Desktop\POS\venv\Lib\site-packages\django\db\backends\mysql\base.py", line 78, in execute
    return self.cursor.execute(query, args)
           ^^^^^^^^^^^^^^^^^^^^^^^^^^^^^^^^
  File "C:\Users\govin\OneDrive\Desktop\POS\venv\Lib\site-packages\MySQLdb\cursors.py", line 179, in execute
    res = self._query(mogrified_query)
          ^^^^^^^^^^^^^^^^^^^^^^^^^^^^
  File "C:\Users\govin\OneDrive\Desktop\POS\venv\Lib\site-packages\MySQLdb\cursors.py", line 330, in _query
    db.query(q)
  File "C:\Users\govin\OneDrive\Desktop\POS\venv\Lib\site-packages\MySQLdb\connections.py", line 286, in query
    _mysql.connection.query(self, query)
MySQLdb.OperationalError: (1054, "Unknown column 'billing_invoice.due_amount' in 'field list'")

The above exception was the direct cause of the following exception:

Traceback (most recent call last):
  File "C:\Users\govin\OneDrive\Desktop\POS\venv\Lib\site-packages\django\core\handlers\exception.py", line 55, in inner
    response = get_response(request)
               ^^^^^^^^^^^^^^^^^^^^^
  File "C:\Users\govin\OneDrive\Desktop\POS\venv\Lib\site-packages\django\core\handlers\base.py", line 198, in _get_response
    response = wrapped_callback(request, *callback_args, **callback_kwargs)
               ^^^^^^^^^^^^^^^^^^^^^^^^^^^^^^^^^^^^^^^^^^^^^^^^^^^^^^^^^^^^
  File "C:\Users\govin\OneDrive\Desktop\POS\venv\Lib\site-packages\django\contrib\auth\decorators.py", line 59, in _view_wrapper
    return view_func(request, *args, **kwargs)
           ^^^^^^^^^^^^^^^^^^^^^^^^^^^^^^^^^^^
  File "C:\Users\govin\OneDrive\Desktop\POS\billing\views.py", line 62, in sales_dashboard
    ).aggregate(
      ^^^^^^^^^^
  File "C:\Users\govin\OneDrive\Desktop\POS\venv\Lib\site-packages\django\db\models\query.py", line 594, in aggregate
    return self.query.chain().get_aggregation(self.db, kwargs)
           ^^^^^^^^^^^^^^^^^^^^^^^^^^^^^^^^^^^^^^^^^^^^^^^^^^^
  File "C:\Users\govin\OneDrive\Desktop\POS\venv\Lib\site-packages\django\db\models\sql\query.py", line 638, in get_aggregation
    result = compiler.execute_sql(SINGLE)
             ^^^^^^^^^^^^^^^^^^^^^^^^^^^^
  File "C:\Users\govin\OneDrive\Desktop\POS\venv\Lib\site-packages\django\db\models\sql\compiler.py", line 1624, in execute_sql
    cursor.execute(sql, params)
  File "C:\Users\govin\OneDrive\Desktop\POS\venv\Lib\site-packages\django\db\backends\utils.py", line 79, in execute
    return self._execute_with_wrappers(
           ^^^^^^^^^^^^^^^^^^^^^^^^^^^^
  File "C:\Users\govin\OneDrive\Desktop\POS\venv\Lib\site-packages\django\db\backends\utils.py", line 92, in _execute_with_wrappers
    return executor(sql, params, many, context)
           ^^^^^^^^^^^^^^^^^^^^^^^^^^^^^^^^^^^^
  File "C:\Users\govin\OneDrive\Desktop\POS\venv\Lib\site-packages\django\db\backends\utils.py", line 100, in _execute
    with self.db.wrap_database_errors:
         ^^^^^^^^^^^^^^^^^^^^^^^^^^^^
  File "C:\Users\govin\OneDrive\Desktop\POS\venv\Lib\site-packages\django\db\utils.py", line 94, in __exit__
    raise dj_exc_value.with_traceback(traceback) from exc_value
  File "C:\Users\govin\OneDrive\Desktop\POS\venv\Lib\site-packages\django\db\backends\utils.py", line 105, in _execute
    return self.cursor.execute(sql, params)
           ^^^^^^^^^^^^^^^^^^^^^^^^^^^^^^^^
  File "C:\Users\govin\OneDrive\Desktop\POS\venv\Lib\site-packages\django\db\backends\mysql\base.py", line 78, in execute
    return self.cursor.execute(query, args)
           ^^^^^^^^^^^^^^^^^^^^^^^^^^^^^^^^
  File "C:\Users\govin\OneDrive\Desktop\POS\venv\Lib\site-packages\MySQLdb\cursors.py", line 179, in execute
    res = self._query(mogrified_query)
          ^^^^^^^^^^^^^^^^^^^^^^^^^^^^
  File "C:\Users\govin\OneDrive\Desktop\POS\venv\Lib\site-packages\MySQLdb\cursors.py", line 330, in _query
    db.query(q)
  File "C:\Users\govin\OneDrive\Desktop\POS\venv\Lib\site-packages\MySQLdb\connections.py", line 286, in query
    _mysql.connection.query(self, query)
django.db.utils.OperationalError: (1054, "Unknown column 'billing_invoice.due_amount' in 'field list'")
2026-10-06 08:31:21,728 ERROR django.request Internal Server Error: /billing/dashboard/
Traceback (most recent call last):
  File "C:\Users\govin\OneDrive\Desktop\POS\venv\Lib\site-packages\django\db\backends\utils.py", line 105, in _execute
    return self.cursor.execute(sql, params)
           ^^^^^^^^^^^^^^^^^^^^^^^^^^^^^^^^
  File "C:\Users\govin\OneDrive\Desktop\POS\venv\Lib\site-packages\django\db\backends\mysql\base.py", line 78, in execute
    return self.cursor.execute(query, args)
           ^^^^^^^^^^^^^^^^^^^^^^^^^^^^^^^^
  File "C:\Users\govin\OneDrive\Desktop\POS\venv\Lib\site-packages\MySQLdb\cursors.py", line 179, in execute
    res = self._query(mogrified_query)
          ^^^^^^^^^^^^^^^^^^^^^^^^^^^^
  File "C:\Users\govin\OneDrive\Desktop\POS\venv\Lib\site-packages\MySQLdb\cursors.py", line 330, in _query
    db.query(q)
  File "C:\Users\govin\OneDrive\Desktop\POS\venv\Lib\site-packages\MySQLdb\connections.py", line 286, in query
    _mysql.connection.query(self, query)
MySQLdb.OperationalError: (1054, "Unknown column 'billing_invoice.due_amount' in 'field list'")

The above exception was the direct cause of the following exception:

Traceback (most recent call last):
  File "C:\Users\govin\OneDrive\Desktop\POS\venv\Lib\site-packages\django\core\handlers\exception.py", line 55, in inner
    response = get_response(request)
               ^^^^^^^^^^^^^^^^^^^^^
  File "C:\Users\govin\OneDrive\Desktop\POS\venv\Lib\site-packages\django\core\handlers\base.py", line 198, in _get_response
    response = wrapped_callback(request, *callback_args, **callback_kwargs)
               ^^^^^^^^^^^^^^^^^^^^^^^^^^^^^^^^^^^^^^^^^^^^^^^^^^^^^^^^^^^^
  File "C:\Users\govin\OneDrive\Desktop\POS\venv\Lib\site-packages\django\contrib\auth\decorators.py", line 59, in _view_wrapper
    return view_func(request, *args, **kwargs)
           ^^^^^^^^^^^^^^^^^^^^^^^^^^^^^^^^^^^
  File "C:\Users\govin\OneDrive\Desktop\POS\billing\views.py", line 62, in sales_dashboard
    ).aggregate(
      ^^^^^^^^^^
  File "C:\Users\govin\OneDrive\Desktop\POS\venv\Lib\site-packages\django\db\models\query.py", line 594, in aggregate
    return self.query.chain().get_aggregation(self.db, kwargs)
           ^^^^^^^^^^^^^^^^^^^^^^^^^^^^^^^^^^^^^^^^^^^^^^^^^^^
  File "C:\Users\govin\OneDrive\Desktop\POS\venv\Lib\site-packages\django\db\models\sql\query.py", line 638, in get_aggregation
    result = compiler.execute_sql(SINGLE)
             ^^^^^^^^^^^^^^^^^^^^^^^^^^^^
  File "C:\Users\govin\OneDrive\Desktop\POS\venv\Lib\site-packages\django\db\models\sql\compiler.py", line 1624, in execute_sql
    cursor.execute(sql, params)
  File "C:\Users\govin\OneDrive\Desktop\POS\venv\Lib\site-packages\django\db\backends\utils.py", line 79, in execute
    return self._execute_with_wrappers(
           ^^^^^^^^^^^^^^^^^^^^^^^^^^^^
  File "C:\Users\govin\OneDrive\Desktop\POS\venv\Lib\site-packages\django\db\backends\utils.py", line 92, in _execute_with_wrappers
    return executor(sql, params, many, context)
           ^^^^^^^^^^^^^^^^^^^^^^^^^^^^^^^^^^^^
  File "C:\Users\govin\OneDrive\Desktop\POS\venv\Lib\site-packages\django\db\backends\utils.py", line 100, in _execute
    with self.db.wrap_database_errors:
         ^^^^^^^^^^^^^^^^^^^^^^^^^^^^
  File "C:\Users\govin\OneDrive\Desktop\POS\venv\Lib\site-packages\django\db\utils.py", line 94, in __exit__
    raise dj_exc_value.with_traceback(traceback) from exc_value
  File "C:\Users\govin\OneDrive\Desktop\POS\venv\Lib\site-packages\django\db\backends\utils.py", line 105, in _execute
    return self.cursor.execute(sql, params)
           ^^^^^^^^^^^^^^^^^^^^^^^^^^^^^^^^
  File "C:\Users\govin\OneDrive\Desktop\POS\venv\Lib\site-packages\django\db\backends\mysql\base.py", line 78, in execute
    return self.cursor.execute(query, args)
           ^^^^^^^^^^^^^^^^^^^^^^^^^^^^^^^^
  File "C:\Users\govin\OneDrive\Desktop\POS\venv\Lib\site-packages\MySQLdb\cursors.py", line 179, in execute
    res = self._query(mogrified_query)
          ^^^^^^^^^^^^^^^^^^^^^^^^^^^^
  File "C:\Users\govin\OneDrive\Desktop\POS\venv\Lib\site-packages\MySQLdb\cursors.py", line 330, in _query
    db.query(q)
  File "C:\Users\govin\OneDrive\Desktop\POS\venv\Lib\site-packages\MySQLdb\connections.py", line 286, in query
    _mysql.connection.query(self, query)
django.db.utils.OperationalError: (1054, "Unknown column 'billing_invoice.due_amount' in 'field list'")
2026-10-06 08:34:00,294 INFO django.utils.autoreload C:\Users\govin\OneDrive\Desktop\POS\billing\views.py changed, reloading.
2026-10-06 08:34:02,646 INFO django.utils.autoreload Watching for file changes with StatReloader
2026-10-06 08:35:11,548 INFO django.utils.autoreload C:\Users\govin\OneDrive\Desktop\POS\billing\views.py changed, reloading.
2026-10-06 08:35:13,150 INFO django.utils.autoreload Watching for file changes with StatReloader
2026-10-06 08:35:39,533 INFO django.utils.autoreload C:\Users\govin\OneDrive\Desktop\POS\billing\views.py changed, reloading.
2026-10-06 08:35:41,556 INFO django.utils.autoreload Watching for file changes with StatReloader
2026-10-06 08:37:47,792 INFO django.utils.autoreload C:\Users\govin\OneDrive\Desktop\POS\billing\views.py changed, reloading.
2026-10-06 08:37:50,103 INFO django.utils.autoreload Watching for file changes with StatReloader
2026-10-06 08:40:07,056 INFO django.utils.autoreload C:\Users\govin\OneDrive\Desktop\POS\billing\views.py changed, reloading.
2026-10-06 08:40:09,063 INFO django.utils.autoreload Watching for file changes with StatReloader
2026-10-06 08:40:40,936 ERROR django.request Internal Server Error: /billing/dashboard/
Traceback (most recent call last):
  File "C:\Users\govin\OneDrive\Desktop\POS\venv\Lib\site-packages\django\core\handlers\exception.py", line 55, in inner
    response = get_response(request)
               ^^^^^^^^^^^^^^^^^^^^^
  File "C:\Users\govin\OneDrive\Desktop\POS\venv\Lib\site-packages\django\core\handlers\base.py", line 198, in _get_response
    response = wrapped_callback(request, *callback_args, **callback_kwargs)
               ^^^^^^^^^^^^^^^^^^^^^^^^^^^^^^^^^^^^^^^^^^^^^^^^^^^^^^^^^^^^
  File "C:\Users\govin\OneDrive\Desktop\POS\venv\Lib\site-packages\django\contrib\auth\decorators.py", line 59, in _view_wrapper
    return view_func(request, *args, **kwargs)
           ^^^^^^^^^^^^^^^^^^^^^^^^^^^^^^^^^^^
  File "C:\Users\govin\OneDrive\Desktop\POS\billing\views.py", line 62, in sales_dashboard
    ).aggregate(
      ^^^^^^^^^^
  File "C:\Users\govin\OneDrive\Desktop\POS\venv\Lib\site-packages\django\db\models\query.py", line 594, in aggregate
    return self.query.chain().get_aggregation(self.db, kwargs)
           ^^^^^^^^^^^^^^^^^^^^^^^^^^^^^^^^^^^^^^^^^^^^^^^^^^^
  File "C:\Users\govin\OneDrive\Desktop\POS\venv\Lib\site-packages\django\db\models\sql\query.py", line 472, in get_aggregation
    aggregate = aggregate_expr.resolve_expression(
                ^^^^^^^^^^^^^^^^^^^^^^^^^^^^^^^^^^
  File "C:\Users\govin\OneDrive\Desktop\POS\venv\Lib\site-packages\django\db\models\aggregates.py", line 122, in resolve_expression
    c = super().resolve_expression(query, allow_joins, reuse, summarize)
        ^^^^^^^^^^^^^^^^^^^^^^^^^^^^^^^^^^^^^^^^^^^^^^^^^^^^^^^^^^^^^^^^
  File "C:\Users\govin\OneDrive\Desktop\POS\venv\Lib\site-packages\django\db\models\expressions.py", line 301, in resolve_expression
    expr.resolve_expression(query, allow_joins, reuse, summarize, for_save)
  File "C:\Users\govin\OneDrive\Desktop\POS\venv\Lib\site-packages\django\db\models\expressions.py", line 904, in resolve_expression
    return query.resolve_ref(self.name, allow_joins, reuse, summarize)
           ^^^^^^^^^^^^^^^^^^^^^^^^^^^^^^^^^^^^^^^^^^^^^^^^^^^^^^^^^^^
  File "C:\Users\govin\OneDrive\Desktop\POS\venv\Lib\site-packages\django\db\models\sql\query.py", line 2087, in resolve_ref
    join_info = self.setup_joins(
                ^^^^^^^^^^^^^^^^^
  File "C:\Users\govin\OneDrive\Desktop\POS\venv\Lib\site-packages\django\db\models\sql\query.py", line 1937, in setup_joins
    path, final_field, targets, rest = self.names_to_path(
                                       ^^^^^^^^^^^^^^^^^^^
  File "C:\Users\govin\OneDrive\Desktop\POS\venv\Lib\site-packages\django\db\models\sql\query.py", line 1842, in names_to_path
    raise FieldError(
django.core.exceptions.FieldError: Cannot resolve keyword 'due' into field. Choices are: created_at, created_by, created_by_id, customer, customer_id, discount, due_amount, id, invoice_number, items, paid_amount, payment_method, payment_status, subtotal, tax, total, vat
2026-10-06 08:42:29,635 INFO django.utils.autoreload C:\Users\govin\OneDrive\Desktop\POS\billing\views.py changed, reloading.
2026-10-06 08:42:31,327 INFO django.utils.autoreload Watching for file changes with StatReloader
2026-10-06 08:42:33,190 ERROR django.request Internal Server Error: /billing/dashboard/
Traceback (most recent call last):
  File "C:\Users\govin\OneDrive\Desktop\POS\venv\Lib\site-packages\django\db\backends\utils.py", line 105, in _execute
    return self.cursor.execute(sql, params)
           ^^^^^^^^^^^^^^^^^^^^^^^^^^^^^^^^
  File "C:\Users\govin\OneDrive\Desktop\POS\venv\Lib\site-packages\django\db\backends\mysql\base.py", line 78, in execute
    return self.cursor.execute(query, args)
           ^^^^^^^^^^^^^^^^^^^^^^^^^^^^^^^^
  File "C:\Users\govin\OneDrive\Desktop\POS\venv\Lib\site-packages\MySQLdb\cursors.py", line 179, in execute
    res = self._query(mogrified_query)
          ^^^^^^^^^^^^^^^^^^^^^^^^^^^^
  File "C:\Users\govin\OneDrive\Desktop\POS\venv\Lib\site-packages\MySQLdb\cursors.py", line 330, in _query
    db.query(q)
  File "C:\Users\govin\OneDrive\Desktop\POS\venv\Lib\site-packages\MySQLdb\connections.py", line 286, in query
    _mysql.connection.query(self, query)
MySQLdb.OperationalError: (1054, "Unknown column 'billing_invoice.due_amount' in 'field list'")

The above exception was the direct cause of the following exception:

Traceback (most recent call last):
  File "C:\Users\govin\OneDrive\Desktop\POS\venv\Lib\site-packages\django\core\handlers\exception.py", line 55, in inner
    response = get_response(request)
               ^^^^^^^^^^^^^^^^^^^^^
  File "C:\Users\govin\OneDrive\Desktop\POS\venv\Lib\site-packages\django\core\handlers\base.py", line 198, in _get_response
    response = wrapped_callback(request, *callback_args, **callback_kwargs)
               ^^^^^^^^^^^^^^^^^^^^^^^^^^^^^^^^^^^^^^^^^^^^^^^^^^^^^^^^^^^^
  File "C:\Users\govin\OneDrive\Desktop\POS\venv\Lib\site-packages\django\contrib\auth\decorators.py", line 59, in _view_wrapper
    return view_func(request, *args, **kwargs)
           ^^^^^^^^^^^^^^^^^^^^^^^^^^^^^^^^^^^
  File "C:\Users\govin\OneDrive\Desktop\POS\billing\views.py", line 61, in sales_dashboard
    ).aggregate(
      ^^^^^^^^^^
  File "C:\Users\govin\OneDrive\Desktop\POS\venv\Lib\site-packages\django\db\models\query.py", line 594, in aggregate
    return self.query.chain().get_aggregation(self.db, kwargs)
           ^^^^^^^^^^^^^^^^^^^^^^^^^^^^^^^^^^^^^^^^^^^^^^^^^^^
  File "C:\Users\govin\OneDrive\Desktop\POS\venv\Lib\site-packages\django\db\models\sql\query.py", line 638, in get_aggregation
    result = compiler.execute_sql(SINGLE)
             ^^^^^^^^^^^^^^^^^^^^^^^^^^^^
  File "C:\Users\govin\OneDrive\Desktop\POS\venv\Lib\site-packages\django\db\models\sql\compiler.py", line 1624, in execute_sql
    cursor.execute(sql, params)
  File "C:\Users\govin\OneDrive\Desktop\POS\venv\Lib\site-packages\django\db\backends\utils.py", line 79, in execute
    return self._execute_with_wrappers(
           ^^^^^^^^^^^^^^^^^^^^^^^^^^^^
  File "C:\Users\govin\OneDrive\Desktop\POS\venv\Lib\site-packages\django\db\backends\utils.py", line 92, in _execute_with_wrappers
    return executor(sql, params, many, context)
           ^^^^^^^^^^^^^^^^^^^^^^^^^^^^^^^^^^^^
  File "C:\Users\govin\OneDrive\Desktop\POS\venv\Lib\site-packages\django\db\backends\utils.py", line 100, in _execute
    with self.db.wrap_database_errors:
         ^^^^^^^^^^^^^^^^^^^^^^^^^^^^
  File "C:\Users\govin\OneDrive\Desktop\POS\venv\Lib\site-packages\django\db\utils.py", line 94, in __exit__
    raise dj_exc_value.with_traceback(traceback) from exc_value
  File "C:\Users\govin\OneDrive\Desktop\POS\venv\Lib\site-packages\django\db\backends\utils.py", line 105, in _execute
    return self.cursor.execute(sql, params)
           ^^^^^^^^^^^^^^^^^^^^^^^^^^^^^^^^
  File "C:\Users\govin\OneDrive\Desktop\POS\venv\Lib\site-packages\django\db\backends\mysql\base.py", line 78, in execute
    return self.cursor.execute(query, args)
           ^^^^^^^^^^^^^^^^^^^^^^^^^^^^^^^^
  File "C:\Users\govin\OneDrive\Desktop\POS\venv\Lib\site-packages\MySQLdb\cursors.py", line 179, in execute
    res = self._query(mogrified_query)
          ^^^^^^^^^^^^^^^^^^^^^^^^^^^^
  File "C:\Users\govin\OneDrive\Desktop\POS\venv\Lib\site-packages\MySQLdb\cursors.py", line 330, in _query
    db.query(q)
  File "C:\Users\govin\OneDrive\Desktop\POS\venv\Lib\site-packages\MySQLdb\connections.py", line 286, in query
    _mysql.connection.query(self, query)
django.db.utils.OperationalError: (1054, "Unknown column 'billing_invoice.due_amount' in 'field list'")
2026-10-06 08:44:13,354 INFO django.utils.autoreload Watching for file changes with StatReloader
2026-10-06 08:44:45,744 ERROR django.request Internal Server Error: /billing/reports/
Traceback (most recent call last):
  File "C:\Users\govin\OneDrive\Desktop\POS\venv\Lib\site-packages\django\core\handlers\exception.py", line 55, in inner
    response = get_response(request)
               ^^^^^^^^^^^^^^^^^^^^^
  File "C:\Users\govin\OneDrive\Desktop\POS\venv\Lib\site-packages\django\core\handlers\base.py", line 198, in _get_response
    response = wrapped_callback(request, *callback_args, **callback_kwargs)
               ^^^^^^^^^^^^^^^^^^^^^^^^^^^^^^^^^^^^^^^^^^^^^^^^^^^^^^^^^^^^
  File "C:\Users\govin\OneDrive\Desktop\POS\venv\Lib\site-packages\django\contrib\auth\decorators.py", line 59, in _view_wrapper
    return view_func(request, *args, **kwargs)
           ^^^^^^^^^^^^^^^^^^^^^^^^^^^^^^^^^^^
  File "C:\Users\govin\OneDrive\Desktop\POS\billing\views.py", line 1207, in sales_report
    total_paid = invoices.aggregate(
                 ^^^^^^^^^^^^^^^^^^^
  File "C:\Users\govin\OneDrive\Desktop\POS\venv\Lib\site-packages\django\db\models\query.py", line 594, in aggregate
    return self.query.chain().get_aggregation(self.db, kwargs)
           ^^^^^^^^^^^^^^^^^^^^^^^^^^^^^^^^^^^^^^^^^^^^^^^^^^^
  File "C:\Users\govin\OneDrive\Desktop\POS\venv\Lib\site-packages\django\db\models\sql\query.py", line 472, in get_aggregation
    aggregate = aggregate_expr.resolve_expression(
                ^^^^^^^^^^^^^^^^^^^^^^^^^^^^^^^^^^
  File "C:\Users\govin\OneDrive\Desktop\POS\venv\Lib\site-packages\django\db\models\aggregates.py", line 122, in resolve_expression
    c = super().resolve_expression(query, allow_joins, reuse, summarize)
        ^^^^^^^^^^^^^^^^^^^^^^^^^^^^^^^^^^^^^^^^^^^^^^^^^^^^^^^^^^^^^^^^
  File "C:\Users\govin\OneDrive\Desktop\POS\venv\Lib\site-packages\django\db\models\expressions.py", line 301, in resolve_expression
    expr.resolve_expression(query, allow_joins, reuse, summarize, for_save)
  File "C:\Users\govin\OneDrive\Desktop\POS\venv\Lib\site-packages\django\db\models\expressions.py", line 904, in resolve_expression
    return query.resolve_ref(self.name, allow_joins, reuse, summarize)
           ^^^^^^^^^^^^^^^^^^^^^^^^^^^^^^^^^^^^^^^^^^^^^^^^^^^^^^^^^^^
  File "C:\Users\govin\OneDrive\Desktop\POS\venv\Lib\site-packages\django\db\models\sql\query.py", line 2087, in resolve_ref
    join_info = self.setup_joins(
                ^^^^^^^^^^^^^^^^^
  File "C:\Users\govin\OneDrive\Desktop\POS\venv\Lib\site-packages\django\db\models\sql\query.py", line 1937, in setup_joins
    path, final_field, targets, rest = self.names_to_path(
                                       ^^^^^^^^^^^^^^^^^^^
  File "C:\Users\govin\OneDrive\Desktop\POS\venv\Lib\site-packages\django\db\models\sql\query.py", line 1842, in names_to_path
    raise FieldError(
django.core.exceptions.FieldError: Cannot resolve keyword 'paid' into field. Choices are: created_at, created_by, created_by_id, customer, customer_id, discount, due_amount, id, invoice_number, items, paid_amount, payment_method, payment_status, subtotal, tax, total, vat
2026-10-06 08:44:49,083 ERROR django.request Internal Server Error: /billing/reports/
Traceback (most recent call last):
  File "C:\Users\govin\OneDrive\Desktop\POS\venv\Lib\site-packages\django\core\handlers\exception.py", line 55, in inner
    response = get_response(request)
               ^^^^^^^^^^^^^^^^^^^^^
  File "C:\Users\govin\OneDrive\Desktop\POS\venv\Lib\site-packages\django\core\handlers\base.py", line 198, in _get_response
    response = wrapped_callback(request, *callback_args, **callback_kwargs)
               ^^^^^^^^^^^^^^^^^^^^^^^^^^^^^^^^^^^^^^^^^^^^^^^^^^^^^^^^^^^^
  File "C:\Users\govin\OneDrive\Desktop\POS\venv\Lib\site-packages\django\contrib\auth\decorators.py", line 59, in _view_wrapper
    return view_func(request, *args, **kwargs)
           ^^^^^^^^^^^^^^^^^^^^^^^^^^^^^^^^^^^
  File "C:\Users\govin\OneDrive\Desktop\POS\billing\views.py", line 1207, in sales_report
    total_paid = invoices.aggregate(
                 ^^^^^^^^^^^^^^^^^^^
  File "C:\Users\govin\OneDrive\Desktop\POS\venv\Lib\site-packages\django\db\models\query.py", line 594, in aggregate
    return self.query.chain().get_aggregation(self.db, kwargs)
           ^^^^^^^^^^^^^^^^^^^^^^^^^^^^^^^^^^^^^^^^^^^^^^^^^^^
  File "C:\Users\govin\OneDrive\Desktop\POS\venv\Lib\site-packages\django\db\models\sql\query.py", line 472, in get_aggregation
    aggregate = aggregate_expr.resolve_expression(
                ^^^^^^^^^^^^^^^^^^^^^^^^^^^^^^^^^^
  File "C:\Users\govin\OneDrive\Desktop\POS\venv\Lib\site-packages\django\db\models\aggregates.py", line 122, in resolve_expression
    c = super().resolve_expression(query, allow_joins, reuse, summarize)
        ^^^^^^^^^^^^^^^^^^^^^^^^^^^^^^^^^^^^^^^^^^^^^^^^^^^^^^^^^^^^^^^^
  File "C:\Users\govin\OneDrive\Desktop\POS\venv\Lib\site-packages\django\db\models\expressions.py", line 301, in resolve_expression
    expr.resolve_expression(query, allow_joins, reuse, summarize, for_save)
  File "C:\Users\govin\OneDrive\Desktop\POS\venv\Lib\site-packages\django\db\models\expressions.py", line 904, in resolve_expression
    return query.resolve_ref(self.name, allow_joins, reuse, summarize)
           ^^^^^^^^^^^^^^^^^^^^^^^^^^^^^^^^^^^^^^^^^^^^^^^^^^^^^^^^^^^
  File "C:\Users\govin\OneDrive\Desktop\POS\venv\Lib\site-packages\django\db\models\sql\query.py", line 2087, in resolve_ref
    join_info = self.setup_joins(
                ^^^^^^^^^^^^^^^^^
  File "C:\Users\govin\OneDrive\Desktop\POS\venv\Lib\site-packages\django\db\models\sql\query.py", line 1937, in setup_joins
    path, final_field, targets, rest = self.names_to_path(
                                       ^^^^^^^^^^^^^^^^^^^
  File "C:\Users\govin\OneDrive\Desktop\POS\venv\Lib\site-packages\django\db\models\sql\query.py", line 1842, in names_to_path
    raise FieldError(
django.core.exceptions.FieldError: Cannot resolve keyword 'paid' into field. Choices are: created_at, created_by, created_by_id, customer, customer_id, discount, due_amount, id, invoice_number, items, paid_amount, payment_method, payment_status, subtotal, tax, total, vat
2026-10-06 08:46:13,682 INFO django.utils.autoreload C:\Users\govin\OneDrive\Desktop\POS\billing\views.py changed, reloading.
2026-10-06 08:46:16,122 INFO django.utils.autoreload Watching for file changes with StatReloader
2026-10-06 08:49:25,435 INFO django.utils.autoreload C:\Users\govin\OneDrive\Desktop\POS\inventory\views.py changed, reloading.
2026-10-06 08:49:27,169 INFO django.utils.autoreload Watching for file changes with StatReloader
2026-10-06 08:50:06,431 INFO django.utils.autoreload C:\Users\govin\OneDrive\Desktop\POS\inventory\urls.py changed, reloading.
2026-10-06 08:50:08,657 INFO django.utils.autoreload Watching for file changes with StatReloader
2026-10-06 08:54:07,684 INFO django.utils.autoreload C:\Users\govin\OneDrive\Desktop\POS\inventory\views.py changed, reloading.
2026-10-06 08:54:10,397 INFO django.utils.autoreload Watching for file changes with StatReloader
2026-10-06 08:54:42,723 INFO django.utils.autoreload C:\Users\govin\OneDrive\Desktop\POS\inventory\urls.py changed, reloading.
2026-10-06 08:54:44,977 INFO django.utils.autoreload Watching for file changes with StatReloader
2026-10-06 08:55:50,070 INFO django.utils.autoreload C:\Users\govin\OneDrive\Desktop\POS\inventory\views.py changed, reloading.
2026-10-06 08:55:52,296 INFO django.utils.autoreload Watching for file changes with StatReloader
2026-10-06 08:56:22,623 INFO django.utils.autoreload C:\Users\govin\OneDrive\Desktop\POS\inventory\views.py changed, reloading.
2026-10-06 08:56:24,461 INFO django.utils.autoreload Watching for file changes with StatReloader
2026-10-06 08:56:32,000 INFO django.utils.autoreload C:\Users\govin\OneDrive\Desktop\POS\inventory\views.py changed, reloading.
2026-10-06 08:56:34,136 INFO django.utils.autoreload Watching for file changes with StatReloader
2026-10-06 08:57:05,279 INFO django.utils.autoreload C:\Users\govin\OneDrive\Desktop\POS\inventory\urls.py changed, reloading.
2026-10-06 08:57:07,120 INFO django.utils.autoreload Watching for file changes with StatReloader
2026-10-06 08:58:15,580 ERROR django.request Internal Server Error: /inventory/category/
Traceback (most recent call last):
  File "C:\Users\govin\OneDrive\Desktop\POS\venv\Lib\site-packages\django\core\handlers\exception.py", line 55, in inner
    response = get_response(request)
               ^^^^^^^^^^^^^^^^^^^^^
  File "C:\Users\govin\OneDrive\Desktop\POS\venv\Lib\site-packages\django\core\handlers\base.py", line 198, in _get_response
    response = wrapped_callback(request, *callback_args, **callback_kwargs)
               ^^^^^^^^^^^^^^^^^^^^^^^^^^^^^^^^^^^^^^^^^^^^^^^^^^^^^^^^^^^^
  File "C:\Users\govin\OneDrive\Desktop\POS\venv\Lib\site-packages\django\contrib\auth\decorators.py", line 59, in _view_wrapper
    return view_func(request, *args, **kwargs)
           ^^^^^^^^^^^^^^^^^^^^^^^^^^^^^^^^^^^
  File "C:\Users\govin\OneDrive\Desktop\POS\inventory\views.py", line 107, in category_list
    return render(
           ^^^^^^^
  File "C:\Users\govin\OneDrive\Desktop\POS\venv\Lib\site-packages\django\shortcuts.py", line 25, in render
    content = loader.render_to_string(template_name, context, request, using=using)
              ^^^^^^^^^^^^^^^^^^^^^^^^^^^^^^^^^^^^^^^^^^^^^^^^^^^^^^^^^^^^^^^^^^^^^
  File "C:\Users\govin\OneDrive\Desktop\POS\venv\Lib\site-packages\django\template\loader.py", line 62, in render_to_string
    return template.render(context, request)
           ^^^^^^^^^^^^^^^^^^^^^^^^^^^^^^^^^
  File "C:\Users\govin\OneDrive\Desktop\POS\venv\Lib\site-packages\django\template\backends\django.py", line 107, in render
    return self.template.render(context)
           ^^^^^^^^^^^^^^^^^^^^^^^^^^^^^
  File "C:\Users\govin\OneDrive\Desktop\POS\venv\Lib\site-packages\django\template\base.py", line 174, in render
    return self._render(context)
           ^^^^^^^^^^^^^^^^^^^^^
  File "C:\Users\govin\OneDrive\Desktop\POS\venv\Lib\site-packages\django\template\base.py", line 166, in _render
    return self.nodelist.render(context)
           ^^^^^^^^^^^^^^^^^^^^^^^^^^^^^
  File "C:\Users\govin\OneDrive\Desktop\POS\venv\Lib\site-packages\django\template\base.py", line 1091, in render
    return SafeString("".join([node.render_annotated(context) for node in self]))
                               ^^^^^^^^^^^^^^^^^^^^^^^^^^^^^^
  File "C:\Users\govin\OneDrive\Desktop\POS\venv\Lib\site-packages\django\template\base.py", line 1052, in render_annotated
    return self.render(context)
           ^^^^^^^^^^^^^^^^^^^^
  File "C:\Users\govin\OneDrive\Desktop\POS\venv\Lib\site-packages\django\template\loader_tags.py", line 160, in render
    return compiled_parent._render(context)
           ^^^^^^^^^^^^^^^^^^^^^^^^^^^^^^^^
  File "C:\Users\govin\OneDrive\Desktop\POS\venv\Lib\site-packages\django\template\base.py", line 166, in _render
    return self.nodelist.render(context)
           ^^^^^^^^^^^^^^^^^^^^^^^^^^^^^
  File "C:\Users\govin\OneDrive\Desktop\POS\venv\Lib\site-packages\django\template\base.py", line 1091, in render
    return SafeString("".join([node.render_annotated(context) for node in self]))
                               ^^^^^^^^^^^^^^^^^^^^^^^^^^^^^^
  File "C:\Users\govin\OneDrive\Desktop\POS\venv\Lib\site-packages\django\template\base.py", line 1052, in render_annotated
    return self.render(context)
           ^^^^^^^^^^^^^^^^^^^^
  File "C:\Users\govin\OneDrive\Desktop\POS\venv\Lib\site-packages\django\template\loader_tags.py", line 211, in render
    return template.render(context)
           ^^^^^^^^^^^^^^^^^^^^^^^^
  File "C:\Users\govin\OneDrive\Desktop\POS\venv\Lib\site-packages\django\template\base.py", line 176, in render
    return self._render(context)
           ^^^^^^^^^^^^^^^^^^^^^
  File "C:\Users\govin\OneDrive\Desktop\POS\venv\Lib\site-packages\django\template\base.py", line 166, in _render
    return self.nodelist.render(context)
           ^^^^^^^^^^^^^^^^^^^^^^^^^^^^^
  File "C:\Users\govin\OneDrive\Desktop\POS\venv\Lib\site-packages\django\template\base.py", line 1091, in render
    return SafeString("".join([node.render_annotated(context) for node in self]))
                               ^^^^^^^^^^^^^^^^^^^^^^^^^^^^^^
  File "C:\Users\govin\OneDrive\Desktop\POS\venv\Lib\site-packages\django\template\base.py", line 1052, in render_annotated
    return self.render(context)
           ^^^^^^^^^^^^^^^^^^^^
  File "C:\Users\govin\OneDrive\Desktop\POS\venv\Lib\site-packages\django\template\defaulttags.py", line 511, in render
    url = reverse(view_name, args=args, kwargs=kwargs, current_app=current_app)
          ^^^^^^^^^^^^^^^^^^^^^^^^^^^^^^^^^^^^^^^^^^^^^^^^^^^^^^^^^^^^^^^^^^^^^
  File "C:\Users\govin\OneDrive\Desktop\POS\venv\Lib\site-packages\django\urls\base.py", line 98, in reverse
    resolved_url = resolver._reverse_with_prefix(view, prefix, *args, **kwargs)
                   ^^^^^^^^^^^^^^^^^^^^^^^^^^^^^^^^^^^^^^^^^^^^^^^^^^^^^^^^^^^^
  File "C:\Users\govin\OneDrive\Desktop\POS\venv\Lib\site-packages\django\urls\resolvers.py", line 842, in _reverse_with_prefix
    raise NoReverseMatch(msg)
django.urls.exceptions.NoReverseMatch: Reverse for 'products' not found. 'products' is not a valid view function or pattern name.
2026-10-06 08:59:42,048 ERROR django.request Internal Server Error: /inventory/category/
Traceback (most recent call last):
  File "C:\Users\govin\OneDrive\Desktop\POS\venv\Lib\site-packages\django\core\handlers\exception.py", line 55, in inner
    response = get_response(request)
               ^^^^^^^^^^^^^^^^^^^^^
  File "C:\Users\govin\OneDrive\Desktop\POS\venv\Lib\site-packages\django\core\handlers\base.py", line 198, in _get_response
    response = wrapped_callback(request, *callback_args, **callback_kwargs)
               ^^^^^^^^^^^^^^^^^^^^^^^^^^^^^^^^^^^^^^^^^^^^^^^^^^^^^^^^^^^^
  File "C:\Users\govin\OneDrive\Desktop\POS\venv\Lib\site-packages\django\contrib\auth\decorators.py", line 59, in _view_wrapper
    return view_func(request, *args, **kwargs)
           ^^^^^^^^^^^^^^^^^^^^^^^^^^^^^^^^^^^
  File "C:\Users\govin\OneDrive\Desktop\POS\inventory\views.py", line 107, in category_list
    return render(
           ^^^^^^^
  File "C:\Users\govin\OneDrive\Desktop\POS\venv\Lib\site-packages\django\shortcuts.py", line 25, in render
    content = loader.render_to_string(template_name, context, request, using=using)
              ^^^^^^^^^^^^^^^^^^^^^^^^^^^^^^^^^^^^^^^^^^^^^^^^^^^^^^^^^^^^^^^^^^^^^
  File "C:\Users\govin\OneDrive\Desktop\POS\venv\Lib\site-packages\django\template\loader.py", line 62, in render_to_string
    return template.render(context, request)
           ^^^^^^^^^^^^^^^^^^^^^^^^^^^^^^^^^
  File "C:\Users\govin\OneDrive\Desktop\POS\venv\Lib\site-packages\django\template\backends\django.py", line 107, in render
    return self.template.render(context)
           ^^^^^^^^^^^^^^^^^^^^^^^^^^^^^
  File "C:\Users\govin\OneDrive\Desktop\POS\venv\Lib\site-packages\django\template\base.py", line 174, in render
    return self._render(context)
           ^^^^^^^^^^^^^^^^^^^^^
  File "C:\Users\govin\OneDrive\Desktop\POS\venv\Lib\site-packages\django\template\base.py", line 166, in _render
    return self.nodelist.render(context)
           ^^^^^^^^^^^^^^^^^^^^^^^^^^^^^
  File "C:\Users\govin\OneDrive\Desktop\POS\venv\Lib\site-packages\django\template\base.py", line 1091, in render
    return SafeString("".join([node.render_annotated(context) for node in self]))
                               ^^^^^^^^^^^^^^^^^^^^^^^^^^^^^^
  File "C:\Users\govin\OneDrive\Desktop\POS\venv\Lib\site-packages\django\template\base.py", line 1052, in render_annotated
    return self.render(context)
           ^^^^^^^^^^^^^^^^^^^^
  File "C:\Users\govin\OneDrive\Desktop\POS\venv\Lib\site-packages\django\template\loader_tags.py", line 160, in render
    return compiled_parent._render(context)
           ^^^^^^^^^^^^^^^^^^^^^^^^^^^^^^^^
  File "C:\Users\govin\OneDrive\Desktop\POS\venv\Lib\site-packages\django\template\base.py", line 166, in _render
    return self.nodelist.render(context)
           ^^^^^^^^^^^^^^^^^^^^^^^^^^^^^
  File "C:\Users\govin\OneDrive\Desktop\POS\venv\Lib\site-packages\django\template\base.py", line 1091, in render
    return SafeString("".join([node.render_annotated(context) for node in self]))
                               ^^^^^^^^^^^^^^^^^^^^^^^^^^^^^^
  File "C:\Users\govin\OneDrive\Desktop\POS\venv\Lib\site-packages\django\template\base.py", line 1052, in render_annotated
    return self.render(context)
           ^^^^^^^^^^^^^^^^^^^^
  File "C:\Users\govin\OneDrive\Desktop\POS\venv\Lib\site-packages\django\template\loader_tags.py", line 211, in render
    return template.render(context)
           ^^^^^^^^^^^^^^^^^^^^^^^^
  File "C:\Users\govin\OneDrive\Desktop\POS\venv\Lib\site-packages\django\template\base.py", line 176, in render
    return self._render(context)
           ^^^^^^^^^^^^^^^^^^^^^
  File "C:\Users\govin\OneDrive\Desktop\POS\venv\Lib\site-packages\django\template\base.py", line 166, in _render
    return self.nodelist.render(context)
           ^^^^^^^^^^^^^^^^^^^^^^^^^^^^^
  File "C:\Users\govin\OneDrive\Desktop\POS\venv\Lib\site-packages\django\template\base.py", line 1091, in render
    return SafeString("".join([node.render_annotated(context) for node in self]))
                               ^^^^^^^^^^^^^^^^^^^^^^^^^^^^^^
  File "C:\Users\govin\OneDrive\Desktop\POS\venv\Lib\site-packages\django\template\base.py", line 1052, in render_annotated
    return self.render(context)
           ^^^^^^^^^^^^^^^^^^^^
  File "C:\Users\govin\OneDrive\Desktop\POS\venv\Lib\site-packages\django\template\defaulttags.py", line 511, in render
    url = reverse(view_name, args=args, kwargs=kwargs, current_app=current_app)
          ^^^^^^^^^^^^^^^^^^^^^^^^^^^^^^^^^^^^^^^^^^^^^^^^^^^^^^^^^^^^^^^^^^^^^
  File "C:\Users\govin\OneDrive\Desktop\POS\venv\Lib\site-packages\django\urls\base.py", line 98, in reverse
    resolved_url = resolver._reverse_with_prefix(view, prefix, *args, **kwargs)
                   ^^^^^^^^^^^^^^^^^^^^^^^^^^^^^^^^^^^^^^^^^^^^^^^^^^^^^^^^^^^^
  File "C:\Users\govin\OneDrive\Desktop\POS\venv\Lib\site-packages\django\urls\resolvers.py", line 842, in _reverse_with_prefix
    raise NoReverseMatch(msg)
django.urls.exceptions.NoReverseMatch: Reverse for 'view_products' not found. 'view_products' is not a valid view function or pattern name.
2026-10-06 08:59:42,759 ERROR django.request Internal Server Error: /inventory/category/
Traceback (most recent call last):
  File "C:\Users\govin\OneDrive\Desktop\POS\venv\Lib\site-packages\django\core\handlers\exception.py", line 55, in inner
    response = get_response(request)
               ^^^^^^^^^^^^^^^^^^^^^
  File "C:\Users\govin\OneDrive\Desktop\POS\venv\Lib\site-packages\django\core\handlers\base.py", line 198, in _get_response
    response = wrapped_callback(request, *callback_args, **callback_kwargs)
               ^^^^^^^^^^^^^^^^^^^^^^^^^^^^^^^^^^^^^^^^^^^^^^^^^^^^^^^^^^^^
  File "C:\Users\govin\OneDrive\Desktop\POS\venv\Lib\site-packages\django\contrib\auth\decorators.py", line 59, in _view_wrapper
    return view_func(request, *args, **kwargs)
           ^^^^^^^^^^^^^^^^^^^^^^^^^^^^^^^^^^^
  File "C:\Users\govin\OneDrive\Desktop\POS\inventory\views.py", line 107, in category_list
    return render(
           ^^^^^^^
  File "C:\Users\govin\OneDrive\Desktop\POS\venv\Lib\site-packages\django\shortcuts.py", line 25, in render
    content = loader.render_to_string(template_name, context, request, using=using)
              ^^^^^^^^^^^^^^^^^^^^^^^^^^^^^^^^^^^^^^^^^^^^^^^^^^^^^^^^^^^^^^^^^^^^^
  File "C:\Users\govin\OneDrive\Desktop\POS\venv\Lib\site-packages\django\template\loader.py", line 62, in render_to_string
    return template.render(context, request)
           ^^^^^^^^^^^^^^^^^^^^^^^^^^^^^^^^^
  File "C:\Users\govin\OneDrive\Desktop\POS\venv\Lib\site-packages\django\template\backends\django.py", line 107, in render
    return self.template.render(context)
           ^^^^^^^^^^^^^^^^^^^^^^^^^^^^^
  File "C:\Users\govin\OneDrive\Desktop\POS\venv\Lib\site-packages\django\template\base.py", line 174, in render
    return self._render(context)
           ^^^^^^^^^^^^^^^^^^^^^
  File "C:\Users\govin\OneDrive\Desktop\POS\venv\Lib\site-packages\django\template\base.py", line 166, in _render
    return self.nodelist.render(context)
           ^^^^^^^^^^^^^^^^^^^^^^^^^^^^^
  File "C:\Users\govin\OneDrive\Desktop\POS\venv\Lib\site-packages\django\template\base.py", line 1091, in render
    return SafeString("".join([node.render_annotated(context) for node in self]))
                               ^^^^^^^^^^^^^^^^^^^^^^^^^^^^^^
  File "C:\Users\govin\OneDrive\Desktop\POS\venv\Lib\site-packages\django\template\base.py", line 1052, in render_annotated
    return self.render(context)
           ^^^^^^^^^^^^^^^^^^^^
  File "C:\Users\govin\OneDrive\Desktop\POS\venv\Lib\site-packages\django\template\loader_tags.py", line 160, in render
    return compiled_parent._render(context)
           ^^^^^^^^^^^^^^^^^^^^^^^^^^^^^^^^
  File "C:\Users\govin\OneDrive\Desktop\POS\venv\Lib\site-packages\django\template\base.py", line 166, in _render
    return self.nodelist.render(context)
           ^^^^^^^^^^^^^^^^^^^^^^^^^^^^^
  File "C:\Users\govin\OneDrive\Desktop\POS\venv\Lib\site-packages\django\template\base.py", line 1091, in render
    return SafeString("".join([node.render_annotated(context) for node in self]))
                               ^^^^^^^^^^^^^^^^^^^^^^^^^^^^^^
  File "C:\Users\govin\OneDrive\Desktop\POS\venv\Lib\site-packages\django\template\base.py", line 1052, in render_annotated
    return self.render(context)
           ^^^^^^^^^^^^^^^^^^^^
  File "C:\Users\govin\OneDrive\Desktop\POS\venv\Lib\site-packages\django\template\loader_tags.py", line 211, in render
    return template.render(context)
           ^^^^^^^^^^^^^^^^^^^^^^^^
  File "C:\Users\govin\OneDrive\Desktop\POS\venv\Lib\site-packages\django\template\base.py", line 176, in render
    return self._render(context)
           ^^^^^^^^^^^^^^^^^^^^^
  File "C:\Users\govin\OneDrive\Desktop\POS\venv\Lib\site-packages\django\template\base.py", line 166, in _render
    return self.nodelist.render(context)
           ^^^^^^^^^^^^^^^^^^^^^^^^^^^^^
  File "C:\Users\govin\OneDrive\Desktop\POS\venv\Lib\site-packages\django\template\base.py", line 1091, in render
    return SafeString("".join([node.render_annotated(context) for node in self]))
                               ^^^^^^^^^^^^^^^^^^^^^^^^^^^^^^
  File "C:\Users\govin\OneDrive\Desktop\POS\venv\Lib\site-packages\django\template\base.py", line 1052, in render_annotated
    return self.render(context)
           ^^^^^^^^^^^^^^^^^^^^
  File "C:\Users\govin\OneDrive\Desktop\POS\venv\Lib\site-packages\django\template\defaulttags.py", line 511, in render
    url = reverse(view_name, args=args, kwargs=kwargs, current_app=current_app)
          ^^^^^^^^^^^^^^^^^^^^^^^^^^^^^^^^^^^^^^^^^^^^^^^^^^^^^^^^^^^^^^^^^^^^^
  File "C:\Users\govin\OneDrive\Desktop\POS\venv\Lib\site-packages\django\urls\base.py", line 98, in reverse
    resolved_url = resolver._reverse_with_prefix(view, prefix, *args, **kwargs)
                   ^^^^^^^^^^^^^^^^^^^^^^^^^^^^^^^^^^^^^^^^^^^^^^^^^^^^^^^^^^^^
  File "C:\Users\govin\OneDrive\Desktop\POS\venv\Lib\site-packages\django\urls\resolvers.py", line 842, in _reverse_with_prefix
    raise NoReverseMatch(msg)
django.urls.exceptions.NoReverseMatch: Reverse for 'view_products' not found. 'view_products' is not a valid view function or pattern name.
2026-10-06 08:59:44,819 ERROR django.request Internal Server Error: /inventory/category/
Traceback (most recent call last):
  File "C:\Users\govin\OneDrive\Desktop\POS\venv\Lib\site-packages\django\core\handlers\exception.py", line 55, in inner
    response = get_response(request)
               ^^^^^^^^^^^^^^^^^^^^^
  File "C:\Users\govin\OneDrive\Desktop\POS\venv\Lib\site-packages\django\core\handlers\base.py", line 198, in _get_response
    response = wrapped_callback(request, *callback_args, **callback_kwargs)
               ^^^^^^^^^^^^^^^^^^^^^^^^^^^^^^^^^^^^^^^^^^^^^^^^^^^^^^^^^^^^
  File "C:\Users\govin\OneDrive\Desktop\POS\venv\Lib\site-packages\django\contrib\auth\decorators.py", line 59, in _view_wrapper
    return view_func(request, *args, **kwargs)
           ^^^^^^^^^^^^^^^^^^^^^^^^^^^^^^^^^^^
  File "C:\Users\govin\OneDrive\Desktop\POS\inventory\views.py", line 107, in category_list
    return render(
           ^^^^^^^
  File "C:\Users\govin\OneDrive\Desktop\POS\venv\Lib\site-packages\django\shortcuts.py", line 25, in render
    content = loader.render_to_string(template_name, context, request, using=using)
              ^^^^^^^^^^^^^^^^^^^^^^^^^^^^^^^^^^^^^^^^^^^^^^^^^^^^^^^^^^^^^^^^^^^^^
  File "C:\Users\govin\OneDrive\Desktop\POS\venv\Lib\site-packages\django\template\loader.py", line 62, in render_to_string
    return template.render(context, request)
           ^^^^^^^^^^^^^^^^^^^^^^^^^^^^^^^^^
  File "C:\Users\govin\OneDrive\Desktop\POS\venv\Lib\site-packages\django\template\backends\django.py", line 107, in render
    return self.template.render(context)
           ^^^^^^^^^^^^^^^^^^^^^^^^^^^^^
  File "C:\Users\govin\OneDrive\Desktop\POS\venv\Lib\site-packages\django\template\base.py", line 174, in render
    return self._render(context)
           ^^^^^^^^^^^^^^^^^^^^^
  File "C:\Users\govin\OneDrive\Desktop\POS\venv\Lib\site-packages\django\template\base.py", line 166, in _render
    return self.nodelist.render(context)
           ^^^^^^^^^^^^^^^^^^^^^^^^^^^^^
  File "C:\Users\govin\OneDrive\Desktop\POS\venv\Lib\site-packages\django\template\base.py", line 1091, in render
    return SafeString("".join([node.render_annotated(context) for node in self]))
                               ^^^^^^^^^^^^^^^^^^^^^^^^^^^^^^
  File "C:\Users\govin\OneDrive\Desktop\POS\venv\Lib\site-packages\django\template\base.py", line 1052, in render_annotated
    return self.render(context)
           ^^^^^^^^^^^^^^^^^^^^
  File "C:\Users\govin\OneDrive\Desktop\POS\venv\Lib\site-packages\django\template\loader_tags.py", line 160, in render
    return compiled_parent._render(context)
           ^^^^^^^^^^^^^^^^^^^^^^^^^^^^^^^^
  File "C:\Users\govin\OneDrive\Desktop\POS\venv\Lib\site-packages\django\template\base.py", line 166, in _render
    return self.nodelist.render(context)
           ^^^^^^^^^^^^^^^^^^^^^^^^^^^^^
  File "C:\Users\govin\OneDrive\Desktop\POS\venv\Lib\site-packages\django\template\base.py", line 1091, in render
    return SafeString("".join([node.render_annotated(context) for node in self]))
                               ^^^^^^^^^^^^^^^^^^^^^^^^^^^^^^
  File "C:\Users\govin\OneDrive\Desktop\POS\venv\Lib\site-packages\django\template\base.py", line 1052, in render_annotated
    return self.render(context)
           ^^^^^^^^^^^^^^^^^^^^
  File "C:\Users\govin\OneDrive\Desktop\POS\venv\Lib\site-packages\django\template\loader_tags.py", line 211, in render
    return template.render(context)
           ^^^^^^^^^^^^^^^^^^^^^^^^
  File "C:\Users\govin\OneDrive\Desktop\POS\venv\Lib\site-packages\django\template\base.py", line 176, in render
    return self._render(context)
           ^^^^^^^^^^^^^^^^^^^^^
  File "C:\Users\govin\OneDrive\Desktop\POS\venv\Lib\site-packages\django\template\base.py", line 166, in _render
    return self.nodelist.render(context)
           ^^^^^^^^^^^^^^^^^^^^^^^^^^^^^
  File "C:\Users\govin\OneDrive\Desktop\POS\venv\Lib\site-packages\django\template\base.py", line 1091, in render
    return SafeString("".join([node.render_annotated(context) for node in self]))
                               ^^^^^^^^^^^^^^^^^^^^^^^^^^^^^^
  File "C:\Users\govin\OneDrive\Desktop\POS\venv\Lib\site-packages\django\template\base.py", line 1052, in render_annotated
    return self.render(context)
           ^^^^^^^^^^^^^^^^^^^^
  File "C:\Users\govin\OneDrive\Desktop\POS\venv\Lib\site-packages\django\template\defaulttags.py", line 511, in render
    url = reverse(view_name, args=args, kwargs=kwargs, current_app=current_app)
          ^^^^^^^^^^^^^^^^^^^^^^^^^^^^^^^^^^^^^^^^^^^^^^^^^^^^^^^^^^^^^^^^^^^^^
  File "C:\Users\govin\OneDrive\Desktop\POS\venv\Lib\site-packages\django\urls\base.py", line 98, in reverse
    resolved_url = resolver._reverse_with_prefix(view, prefix, *args, **kwargs)
                   ^^^^^^^^^^^^^^^^^^^^^^^^^^^^^^^^^^^^^^^^^^^^^^^^^^^^^^^^^^^^
  File "C:\Users\govin\OneDrive\Desktop\POS\venv\Lib\site-packages\django\urls\resolvers.py", line 842, in _reverse_with_prefix
    raise NoReverseMatch(msg)
django.urls.exceptions.NoReverseMatch: Reverse for 'view_products' not found. 'view_products' is not a valid view function or pattern name.
2026-10-06 09:08:36,763 INFO django.utils.autoreload C:\Users\govin\OneDrive\Desktop\POS\core\urls.py changed, reloading.
2026-10-06 09:08:38,660 INFO django.utils.autoreload Watching for file changes with StatReloader
2026-10-06 09:09:33,283 INFO django.utils.autoreload C:\Users\govin\OneDrive\Desktop\POS\core\urls.py changed, reloading.
2026-10-06 09:09:35,274 INFO django.utils.autoreload Watching for file changes with StatReloader
2026-10-06 09:12:02,452 INFO django.utils.autoreload C:\Users\govin\OneDrive\Desktop\POS\core\settings.py changed, reloading.
2026-10-06 09:12:05,196 INFO django.utils.autoreload Watching for file changes with StatReloader
2026-10-06 09:12:47,331 INFO django.utils.autoreload C:\Users\govin\OneDrive\Desktop\POS\core\settings.py changed, reloading.
2026-10-06 09:12:49,114 INFO django.utils.autoreload Watching for file changes with StatReloader
2026-10-06 09:13:33,172 INFO django.utils.autoreload Watching for file changes with StatReloader
